season,model,n_matches,log_loss,brier,accuracy
2324,elo_poisson,380,0.9707599922589863,0.5783483653950735,0.5289473684210526
2324,odds_implied,380,0.9498294139027849,0.5649019774923573,0.5552631578947368
2324,blend_50_50,380,0.9567767569067401,0.5688188786528623,0.5421052631578948
2425,elo_poisson,380,0.9779723060785523,0.5813095763250429,0.5368421052631579
2425,odds_implied,380,0.9462354847536852,0.5594457362129284,0.5552631578947368
2425,blend_50_50,380,0.9587952629236186,0.5679125511268763,0.5526315789473685
2526,elo_poisson,380,0.988533819525237,0.5866958569559484,0.5157894736842106
2526,odds_implied,380,0.9649804790839724,0.5716509492588124,0.5447368421052632
2526,blend_50_50,380,0.9726113040155875,0.5766139935499848,0.5236842105263158
