gameweek,kickoff_utc,HomeTeam,AwayTeam,finished,FTHG,FTAG,xG_home,xG_away,p_home,p_draw,p_away
1,2026-08-15 17:30:00+00:00,Alavés,Getafe,False,,,1.474586308446824,1.072163229518094,0.4641537393172209,0.2606409103092661,0.2752053503735128
1,2026-08-15 19:30:00+00:00,Sevilla,Rayo Vallecano,False,,,1.2528131498596697,1.2188227392501352,0.3722320767886084,0.2718161172298401,0.35595180598155124
1,2026-08-16 15:00:00+00:00,Racing Santander,Villarreal,False,,,1.125928641328894,1.3256233343591477,0.31634448422911565,0.2714897133980485,0.4121658023728358
1,2026-08-16 17:00:00+00:00,Espanyol,Levante,False,,,1.431409023903635,1.0975221832050106,0.4469366892016503,0.26371328577374814,0.2893500250246015
1,2026-08-17 19:00:00+00:00,Deportivo,Elche,False,,,1.4433481622747988,1.0903745615660345,0.45173254265785145,0.2628998413686703,0.28536761597347815
1,2026-08-19 19:00:00+00:00,Atlético Madrid,Málaga,False,,,1.6835996762206535,0.9659987911874112,0.5423078343748009,0.2417302259205954,0.21596193970460364
2,2026-08-20 19:00:00+00:00,Rayo Vallecano,Alavés,False,,,1.557403084063225,1.027055447819275,0.49616972395054,0.2538435803309385,0.24998669571852156
2,2026-08-21 19:00:00+00:00,Real Betis,Real Sociedad,False,,,1.5771469563347627,1.0169280315796465,0.5036017056605895,0.25207228198080356,0.24432601235860685
2,2026-08-22 15:00:00+00:00,Athletic Club,Sevilla,False,,,1.4986679919041455,1.058587815541381,0.4736018894420212,0.2587786905282421,0.26761942002973677
2,2026-08-22 17:30:00+00:00,Valencia,Celta Vigo,False,,,1.3662303708318067,1.138503158740917,0.4202969441737786,0.267614526497983,0.3120885293282384
2,2026-08-22 19:30:00+00:00,Espanyol,Real Madrid,False,,,1.0463627320456454,1.4042905789527296,0.28052340191283454,0.2678440224400236,0.45163257564714177
2,2026-08-23 15:00:00+00:00,Atlético Madrid,Villarreal,False,,,1.3230376535047574,1.1676397578414446,0.40223513804329736,0.26963894372494596,0.3281259182317565
2,2026-08-23 17:30:00+00:00,Getafe,Racing Santander,False,,,1.4537127358031625,1.08425469843116,0.4558742738883622,0.26217084299084037,0.2819548831207973
2,2026-08-23 19:30:00+00:00,Elche,Barcelona,False,,,0.9171937424002693,1.5576432372325706,0.22199797603216762,0.254852872316219,0.5231491516516134
2,2026-08-24 17:30:00+00:00,Osasuna,Levante,False,,,1.4049198180772222,1.11376737146584,0.43620226664965694,0.26541273757115563,0.29838499577918765
2,2026-08-24 19:30:00+00:00,Málaga,Deportivo,False,,,1.4260603492496888,1.100758939377679,0.4447795844636585,0.2640683277551583,0.291152087781183
1,2026-08-25 19:00:00+00:00,Valencia,Real Betis,False,,,1.3279426553197216,1.1642458342381734,0.4043019079836856,0.26943366812494884,0.32626442389136556
1,2026-08-26 19:00:00+00:00,Real Madrid,Real Sociedad,False,,,1.9285728614662263,0.8680975178241169,0.6225322473715043,0.21475827299005554,0.1627094796384403
1,2026-08-27 18:30:00+00:00,Celta Vigo,Osasuna,False,,,1.591203546167322,1.0098548139251675,0.50884501393553,0.2507801314462474,0.24037485461822256
1,2026-08-27 19:00:00+00:00,Barcelona,Athletic Club,False,,,2.16636841738779,0.7922229495456867,0.6889218847012396,0.18729131279198974,0.12378680250677077
3,2026-08-28 17:00:00+00:00,Racing Santander,Elche,False,,,1.4344394219411525,1.0956979065658885,0.44815648802508606,0.26350953291989665,0.2883339790550171
3,2026-08-28 19:30:00+00:00,Alavés,Villarreal,False,,,1.1739655887040228,1.2827659183279165,0.337720665258101,0.2723351066897576,0.38994422805214146
3,2026-08-29 15:00:00+00:00,Levante,Real Betis,False,,,1.281694579019533,1.1971661962822853,0.38466239960077586,0.2710997917568348,0.3442378086423892
3,2026-08-29 17:00:00+00:00,Real Sociedad,Espanyol,False,,,1.4607911329372667,1.0801197986669873,0.4586911891985743,0.26166112509874967,0.279647685702676
3,2026-08-29 19:30:00+00:00,Sevilla,Atlético Madrid,False,,,1.2074477601117635,1.2547017470321804,0.3524718125730957,0.2723867166399205,0.3751414707869839
3,2026-08-30 15:00:00+00:00,Real Madrid,Málaga,False,,,2.0748579042658237,0.8195806329564829,0.6646636721952801,0.19784049760329553,0.13749583020142436
3,2026-08-30 17:30:00+00:00,Deportivo,Valencia,False,,,1.31542741189849,1.1729502511521328,0.39902075061042536,0.2699443959498713,0.3310348534397036
3,2026-08-30 19:30:00+00:00,Celta Vigo,Athletic Club,False,,,1.5957824305251973,1.0075747869294713,0.5105443702443713,0.25035387565309314,0.23910175410253545
3,2026-08-31 17:30:00+00:00,Osasuna,Getafe,False,,,1.4669133653368855,1.0765722128821134,0.46111992200029994,0.2612126773707026,0.27766740062899775
3,2026-08-31 19:30:00+00:00,Barcelona,Rayo Vallecano,False,,,1.978425761969264,0.850843938359254,0.6373640498027668,0.20900972217744435,0.15362622801978892
6,2026-09-03 19:00:00+00:00,Real Sociedad,Celta Vigo,False,,,1.3411481167744908,1.1552188783047492,0.4098464629989114,0.2688489868141629,0.3213045501869257
4,2026-09-04 19:00:00+00:00,Real Betis,Real Madrid,False,,,1.1725685918928357,1.283967937382763,0.3371023768812225,0.27232368443773725,0.39057393868104007
4,2026-09-05 14:15:00+00:00,Athletic Club,Atlético Madrid,False,,,1.2620356876077308,1.2118110800687505,0.37621461230914144,0.2716159442160507,0.35216944347480783
4,2026-09-05 16:30:00+00:00,Rayo Vallecano,Racing Santander,False,,,1.6238485826897715,0.9938507346300548,0.5208674301526615,0.2476868185231486,0.2314457513241901
4,2026-09-05 19:00:00+00:00,Villarreal,Deportivo,False,,,1.8146987244904254,0.910667693256096,0.586771913004641,0.2276617890471931,0.18556629794816598
4,2026-09-06 14:15:00+00:00,Valencia,Barcelona,False,,,1.0063876505604796,1.4479851640813337,0.2624096326179634,0.26482910140161986,0.4727612659804167
4,2026-09-06 16:30:00+00:00,Alavés,Osasuna,False,,,1.4413447737826535,1.0915665460394353,0.4509296544171395,0.2630383268205179,0.28603201876234263
4,2026-09-06 16:30:00+00:00,Málaga,Levante,False,,,1.3554934403525116,1.145590982508193,0.41583653878863797,0.2681623629140103,0.3160010982973517
4,2026-09-06 19:00:00+00:00,Espanyol,Sevilla,False,,,1.5313186966485024,1.040792270875089,0.4862314969800873,0.25610011009133105,0.25766839292858185
4,2026-09-07 17:00:00+00:00,Getafe,Celta Vigo,False,,,1.2629211452984848,1.2111427038986107,0.376596332156296,0.27159529398245863,0.3518083738612453
4,2026-09-07 19:30:00+00:00,Elche,Real Sociedad,False,,,1.3312055558795002,1.162000510102296,0.4056745791767016,0.2692935152368694,0.325031905586429
5,2026-09-13 18:00:00+00:00,Athletic Club,Elche,False,,,1.483587069799694,1.0670432196699629,0.4676981787261978,0.2599567080890822,0.2723451131847201
5,2026-09-13 18:00:00+00:00,Celta Vigo,Málaga,False,,,1.6492247989218258,0.9818018462444688,0.5300626646220647,0.24520033301456937,0.22473700236336577
5,2026-09-13 18:00:00+00:00,Getafe,Deportivo,False,,,1.4447400224818152,1.0895481654936823,0.45228990932682644,0.2628031618660302,0.2849069288071433
5,2026-09-13 18:00:00+00:00,Levante,Barcelona,False,,,0.9713383262058202,1.4889285752014194,0.246509991267023,0.2614679097327127,0.49202209900026417
5,2026-09-13 18:00:00+00:00,Osasuna,Espanyol,False,,,1.4073105199322093,1.112278796536553,0.43717632617850144,0.26526552399433273,0.2975581498271658
5,2026-09-13 18:00:00+00:00,Racing Santander,Alavés,False,,,1.375173978484734,1.1326747051984805,0.42399713946293915,0.2671366742950124,0.3088661862420484
5,2026-09-13 18:00:00+00:00,Real Madrid,Rayo Vallecano,False,,,1.8334523402191714,0.9033324766191752,0.5928430634133823,0.22556838935711634,0.1815885472295013
5,2026-09-13 18:00:00+00:00,Real Sociedad,Atlético Madrid,False,,,1.3137652403075823,1.174117439776407,0.3983174456727051,0.2700089751630713,0.3316735791642236
5,2026-09-13 18:00:00+00:00,Sevilla,Valencia,False,,,1.2936164751556662,1.1884789001886051,0.3897571695689769,0.27072938472172603,0.3395134457092968
5,2026-09-13 18:00:00+00:00,Villarreal,Real Betis,False,,,1.5418653573357934,1.0351880885404514,0.49026611546679255,0.25519963801236784,0.25453424652083934
6,2026-09-16 18:00:00+00:00,Alavés,Valencia,False,,,1.363083612591122,1.1405701098407874,0.41899175167725466,0.26777803642872955,0.3132302118940158
6,2026-09-16 18:00:00+00:00,Atlético Madrid,Osasuna,False,,,1.624369083511121,0.9936002190849371,0.5210573603135551,0.24763650837777876,0.23130613130866606
6,2026-09-16 18:00:00+00:00,Barcelona,Racing Santander,False,,,2.240593867749129,0.7715047384083241,0.7074606817898403,0.17884211841832015,0.11369719979183955
6,2026-09-16 18:00:00+00:00,Deportivo,Sevilla,False,,,1.4580200488448323,1.0817342765245177,0.457589539939543,0.2618618016155254,0.2805486584449315
6,2026-09-16 18:00:00+00:00,Elche,Real Madrid,False,,,0.9897174248144219,1.4671356790865604,0.2548473131912904,0.26331697230301504,0.4818357145056947
6,2026-09-16 18:00:00+00:00,Levante,Athletic Club,False,,,1.467576316696555,1.0761896462958784,0.46138249126050457,0.26116370041189396,0.2774538083276013
6,2026-09-16 18:00:00+00:00,Málaga,Villarreal,False,,,1.126770626326478,1.3248440686351926,0.31672107054759846,0.27151282931447523,0.41176610013792636
6,2026-09-16 18:00:00+00:00,Rayo Vallecano,Espanyol,False,,,1.5365777846816249,1.0379891573086755,0.4882461171791969,0.255653156254557,0.256100726566246
6,2026-09-16 18:00:00+00:00,Real Betis,Getafe,False,,,1.6748374815318132,0.9699719580331474,0.5392096131784243,0.24262517558986052,0.21816521123171506
7,2026-09-20 18:00:00+00:00,Athletic Club,Alavés,False,,,1.4222910371802737,1.1030530012252369,0.44325626025826625,0.2643149772394159,0.2924287625023179
7,2026-09-20 18:00:00+00:00,Atlético Madrid,Real Madrid,False,,,1.1634631164776679,1.291865707826656,0.3330672168406005,0.27223044230456234,0.39470234085483713
7,2026-09-20 18:00:00+00:00,Celta Vigo,Racing Santander,False,,,1.6504581120176691,0.9812246954757219,0.5305062012209301,0.24507778996238075,0.22441600881668905
7,2026-09-20 18:00:00+00:00,Deportivo,Real Betis,False,,,1.218271439431321,1.2459247433411575,0.35721111681297646,0.2723152593992085,0.37047362378781523
7,2026-09-20 18:00:00+00:00,Espanyol,Elche,False,,,1.5159092142908361,1.0491055342009592,0.48029704881451973,0.2573853857279415,0.2623175654575387
7,2026-09-20 18:00:00+00:00,Getafe,Málaga,False,,,1.4526264416757289,1.0848924508599387,0.45544113433860006,0.262248223498774,0.2823106421626258
7,2026-09-20 18:00:00+00:00,Osasuna,Rayo Vallecano,False,,,1.3132201267053147,1.1745007970964207,0.39808669845598427,0.2700299859969433,0.33188331554707257
7,2026-09-20 18:00:00+00:00,Sevilla,Barcelona,False,,,0.9079641281971566,1.5700848154045415,0.2178340572781886,0.25354332322656636,0.528622619495245
7,2026-09-20 18:00:00+00:00,Valencia,Real Sociedad,False,,,1.4606606759970346,1.0801956822105376,0.4586393584856705,0.261670604922844,0.2796900365914854
7,2026-09-20 18:00:00+00:00,Villarreal,Levante,False,,,1.7249005054779436,0.947757642600232,0.5566982069928197,0.23742521516638068,0.20587657784079968
8,2026-10-11 18:00:00+00:00,Alavés,Atlético Madrid,False,,,1.2722876420309572,1.2041234465355823,0.3806272054257304,0.2713617322747577,0.34801106229951184
8,2026-10-11 18:00:00+00:00,Barcelona,Getafe,False,,,2.2099716060860914,0.7799015069221412,0.6999333374270822,0.18231280964801563,0.11775385292490222
8,2026-10-11 18:00:00+00:00,Elche,Celta Vigo,False,,,1.2451443994828977,1.2247236986753391,0.368911313241146,0.2719615498512336,0.35912713690762044
8,2026-10-11 18:00:00+00:00,Levante,Sevilla,False,,,1.533924486958774,1.0394012287951064,0.48723039288623504,0.2558791700272544,0.25689043708651066
8,2026-10-11 18:00:00+00:00,Málaga,Espanyol,False,,,1.357800035106587,1.1440598746130726,0.4167964279959388,0.26804708609304,0.31515648591102147
8,2026-10-11 18:00:00+00:00,Racing Santander,Valencia,False,,,1.307308233486336,1.178676740997586,0.3955811400635875,0.2702524843076607,0.3341663756287518
8,2026-10-11 18:00:00+00:00,Rayo Vallecano,Athletic Club,False,,,1.5700544104822691,1.02053988938699,0.5009409504910678,0.2527145916861595,0.24634445782277276
8,2026-10-11 18:00:00+00:00,Real Betis,Osasuna,False,,,1.6370816934302452,0.987525883032983,0.5256789828807915,0.24639862275516905,0.2279223943640395
8,2026-10-11 18:00:00+00:00,Real Madrid,Villarreal,False,,,1.6305034811944674,0.9906585189620439,0.5232916243708833,0.24704134363237032,0.22966703199674643
8,2026-10-11 18:00:00+00:00,Real Sociedad,Deportivo,False,,,1.5342290907024747,1.0392388985616816,0.4873470709490094,0.25585327665008323,0.2567996524009073
9,2026-10-18 18:00:00+00:00,Celta Vigo,Alavés,False,,,1.5829237905394984,1.014007570662285,0.5057613797814886,0.2515442861286519,0.2426943340898596
9,2026-10-18 18:00:00+00:00,Deportivo,Levante,False,,,1.3628926881887113,1.140695793042997,0.4189125062779564,0.2677878789026364,0.31329961481940727
9,2026-10-18 18:00:00+00:00,Espanyol,Atlético Madrid,False,,,1.289531006674742,1.1914397533957315,0.38801371270970497,0.2708610893111735,0.34112519797912166
9,2026-10-18 18:00:00+00:00,Getafe,Rayo Vallecano,False,,,1.2836162628192185,1.1957561527113234,0.38548508778217727,0.2710429639489908,0.34347194826883154
9,2026-10-18 18:00:00+00:00,Málaga,Real Sociedad,False,,,1.3327535182191805,1.160938734662291,0.4063251789966159,0.2692260273731282,0.3244487936302558
9,2026-10-18 18:00:00+00:00,Osasuna,Racing Santander,False,,,1.4872395110604986,1.064981354831776,0.4691320354591178,0.25967499329687876,0.27119297124400343
9,2026-10-18 18:00:00+00:00,Real Betis,Barcelona,False,,,1.0866460951931423,1.3631758827737679,0.29871116361820305,0.27006119602711903,0.43122764035467787
9,2026-10-18 18:00:00+00:00,Real Madrid,Sevilla,False,,,2.0983864250659883,0.8123432022907389,0.6710516894797005,0.19511886282107704,0.13382944769922242
9,2026-10-18 18:00:00+00:00,Valencia,Athletic Club,False,,,1.5205316639235462,1.0465959667431095,0.4820821459527461,0.2570037098845276,0.2609141441627263
9,2026-10-18 18:00:00+00:00,Villarreal,Elche,False,,,1.826726341893572,0.9059477823305456,0.590673936641261,0.2263209666782153,0.18300509668052345
10,2026-10-25 18:00:00+00:00,Alavés,Málaga,False,,,1.4939016133067107,1.061243691095214,0.471740765471933,0.25915520546784915,0.2691040290602179
10,2026-10-25 18:00:00+00:00,Athletic Club,Getafe,False,,,1.4627042535341641,1.0790083731950049,0.45945090332725463,0.26152173981427757,0.2790273568584678
10,2026-10-25 18:00:00+00:00,Atlético Madrid,Deportivo,False,,,1.6744592858074816,0.9701442847842604,0.5390755311484889,0.2426636484955342,0.21826082035597683
10,2026-10-25 18:00:00+00:00,Barcelona,Real Madrid,False,,,1.547220744010018,1.0323685348956346,0.4923063514262901,0.25473614004199197,0.25295750853171817
10,2026-10-25 18:00:00+00:00,Celta Vigo,Real Betis,False,,,1.3936622356394022,1.1208382084793422,0.43160166859461635,0.26608892737656015,0.30230940402882356
10,2026-10-25 18:00:00+00:00,Racing Santander,Espanyol,False,,,1.3567854122254368,1.1447328041053386,0.41637430479591925,0.26809795803971004,0.3155277371643706
10,2026-10-25 18:00:00+00:00,Rayo Vallecano,Elche,False,,,1.6245219983689652,0.993526648858531,0.5211131482562499,0.2476217223886932,0.2312651293550569
10,2026-10-25 18:00:00+00:00,Real Sociedad,Levante,False,,,1.4583095796327195,1.081565334856231,0.45770471149954045,0.2618409020616116,0.280454386438848
10,2026-10-25 18:00:00+00:00,Sevilla,Osasuna,False,,,1.3678891951465764,1.1374169785149935,0.4209842915867039,0.2675273574630909,0.3114883509502051
10,2026-10-25 18:00:00+00:00,Valencia,Villarreal,False,,,1.2349091728099775,1.2327014336017228,0.36446647800749365,0.2721252761094583,0.36340824588304815
11,2026-11-01 20:00:00+00:00,Athletic Club,Real Sociedad,False,,,1.3773871118345276,1.1312428693672143,0.42491061439901023,0.2670154675196791,0.30807391808131057
11,2026-11-01 20:00:00+00:00,Barcelona,Alavés,False,,,2.1489120580353376,0.7972808360358099,0.6844155598909878,0.18929471517544974,0.1262897249335624
11,2026-11-01 20:00:00+00:00,Deportivo,Osasuna,False,,,1.3909524022713495,1.122555503847937,0.430490858674019,0.26624743712983084,0.3032617041961502
11,2026-11-01 20:00:00+00:00,Elche,Valencia,False,,,1.30676631293195,1.179061222240663,0.39535118707546285,0.27027238502047446,0.3343764279040625
11,2026-11-01 20:00:00+00:00,Getafe,Sevilla,False,,,1.4690989680003352,1.0753121440821125,0.46198523680899883,0.2610509057161529,0.2769638574748481
11,2026-11-01 20:00:00+00:00,Levante,Atlético Madrid,False,,,1.2917253555123436,1.1898473675958794,0.38895046168451886,0.2707909627043995,0.3402585756110815
11,2026-11-01 20:00:00+00:00,Racing Santander,Real Madrid,False,,,0.9901278640874833,1.466657259358206,0.25503352000045176,0.26335606630721514,0.48161041369233315
11,2026-11-01 20:00:00+00:00,Rayo Vallecano,Celta Vigo,False,,,1.410727622681825,1.1101589578104911,0.43856678014428574,0.2650529424911757,0.2963802773645386
11,2026-11-01 20:00:00+00:00,Real Betis,Málaga,False,,,1.6967758356052522,0.960093195384647,0.5469370038626011,0.2403718592131782,0.21269113692422062
11,2026-11-01 20:00:00+00:00,Villarreal,Espanyol,False,,,1.727835707035395,0.9464909433756371,0.5577075152173333,0.23711421564127444,0.20517826914139214
12,2026-11-08 20:00:00+00:00,Atlético Madrid,Barcelona,False,,,1.0782078431598032,1.3715608664508088,0.29490888060236276,0.26966186202101605,0.43542925737662147
12,2026-11-08 20:00:00+00:00,Celta Vigo,Levante,False,,,1.5591041612567917,1.0261738808281684,0.49681312353417517,0.25369305127980174,0.24949382518602314
12,2026-11-08 20:00:00+00:00,Elche,Real Betis,False,,,1.2102500393832594,1.252415905329966,0.3537002572379092,0.2723722343716693,0.37392750839042155
12,2026-11-08 20:00:00+00:00,Espanyol,Deportivo,False,,,1.5059280936219925,1.054571284843002,0.47642823580838706,0.25819789808532295,0.26537386610629016
12,2026-11-08 20:00:00+00:00,Málaga,Racing Santander,False,,,1.434917050451042,1.095411005826956,0.44834858793934784,0.2634772490110736,0.28817416304957855
12,2026-11-08 20:00:00+00:00,Osasuna,Athletic Club,False,,,1.4379708666655457,1.0935806718136523,0.4495758149893639,0.26326974832575994,0.28715443668487617
12,2026-11-08 20:00:00+00:00,Real Sociedad,Rayo Vallecano,False,,,1.3631251166787874,1.1405427923684344,0.4190089776015226,0.267775895635826,0.31321512676265145
12,2026-11-08 20:00:00+00:00,Sevilla,Alavés,False,,,1.3607714456361293,1.1420943003986024,0.4180316376273836,0.2678966275525555,0.314071734820061
12,2026-11-08 20:00:00+00:00,Valencia,Real Madrid,False,,,1.0859640093827376,1.363849337404173,0.2984039852253027,0.2700301650047174,0.4315658497699799
12,2026-11-08 20:00:00+00:00,Villarreal,Getafe,False,,,1.80101353316013,0.9161065126438399,0.5822960002743514,0.2291791525175657,0.1885248472080831
13,2026-11-22 20:00:00+00:00,Alavés,Deportivo,False,,,1.4857911080735764,1.0657979192850073,0.4685637369502714,0.2597869874476084,0.2716492756021203
13,2026-11-22 20:00:00+00:00,Athletic Club,Espanyol,False,,,1.4032724305265816,1.114795756781829,0.435530459123326,0.26551344907174573,0.2989560918049282
13,2026-11-22 20:00:00+00:00,Barcelona,Villarreal,False,,,1.7594294770651553,0.9330958618884652,0.568458842412395,0.2337288133368757,0.1978123442507295
13,2026-11-22 20:00:00+00:00,Getafe,Atlético Madrid,False,,,1.2371354671346688,1.2309561394911508,0.3654345087091939,0.27209265599304355,0.3624728352977626
13,2026-11-22 20:00:00+00:00,Levante,Elche,False,,,1.5184887828355784,1.0477033812591536,0.4812937446474921,0.2571728056054242,0.2615334497470834
13,2026-11-22 20:00:00+00:00,Osasuna,Málaga,False,,,1.4861281638822268,1.0656077707897886,0.4686960210677398,0.2597609579885274,0.2715430209437329
13,2026-11-22 20:00:00+00:00,Racing Santander,Real Sociedad,False,,,1.3317576114733005,1.1616215922037572,0.40590665038041596,0.26926952019145195,0.3248238294281321
13,2026-11-22 20:00:00+00:00,Rayo Vallecano,Valencia,False,,,1.4805442122285388,1.0687679017669154,0.4665016649754557,0.2601896216044495,0.2733087134200949
13,2026-11-22 20:00:00+00:00,Real Madrid,Celta Vigo,False,,,1.8038924844051256,0.9149562272970406,0.5832407949576651,0.22886070602318973,0.18789849901914518
13,2026-11-22 20:00:00+00:00,Sevilla,Real Betis,False,,,1.1980714336684215,1.2624194992322941,0.3483543875395604,0.2724144433574747,0.37923116910296484
14,2026-11-29 20:00:00+00:00,Celta Vigo,Villarreal,False,,,1.2960245472163034,1.1867415160924006,0.39078359668855384,0.27064945196386675,0.33856695134757947
14,2026-11-29 20:00:00+00:00,Deportivo,Barcelona,False,,,0.9232727985373965,1.549570108705043,0.2247435196221777,0.2556857130991849,0.5195707672786372
14,2026-11-29 20:00:00+00:00,Elche,Atlético Madrid,False,,,1.2197216778252002,1.2447593097096545,0.3578449842931053,0.2723025261267036,0.3698524895801911
14,2026-11-29 20:00:00+00:00,Espanyol,Getafe,False,,,1.4945714349035208,1.060869545769833,0.47200257668730744,0.25910252535185585,0.26889489796083677
14,2026-11-29 20:00:00+00:00,Levante,Racing Santander,False,,,1.5178593212733051,1.0480451393378458,0.48105065344500086,0.2572247759427065,0.26172457061229276
14,2026-11-29 20:00:00+00:00,Málaga,Athletic Club,False,,,1.3873817225034168,1.1248274894479575,0.42902517534918644,0.2664537385719054,0.30452108607890815
14,2026-11-29 20:00:00+00:00,Real Betis,Rayo Vallecano,False,,,1.4993593634637759,1.0582038290039497,0.4738714818802152,0.2587237592809707,0.2674047588388142
14,2026-11-29 20:00:00+00:00,Real Madrid,Alavés,False,,,1.9914458846352678,0.8464650680429937,0.6411563082564706,0.2075034437269832,0.15134024801654608
14,2026-11-29 20:00:00+00:00,Real Sociedad,Sevilla,False,,,1.5600968608561325,1.0256602173429796,0.49718832513642847,0.253605022100766,0.24920665276280546
14,2026-11-29 20:00:00+00:00,Valencia,Osasuna,False,,,1.5161687015808025,1.0489642942248174,0.4803973688974563,0.257364049215583,0.2622385818869605
15,2026-12-06 20:00:00+00:00,Alavés,Espanyol,False,,,1.4146717000895515,1.1077235807773123,0.44016902533330704,0.2648044390291746,0.2950265356375184
15,2026-12-06 20:00:00+00:00,Athletic Club,Real Madrid,False,,,1.0240522354166324,1.4283012450784445,0.27041915103952874,0.2662654853142118,0.4633153636462595
15,2026-12-06 20:00:00+00:00,Atlético Madrid,Real Betis,False,,,1.422710409288885,1.1027972280244709,0.44342587399288685,0.264287681641238,0.2922864443658749
15,2026-12-06 20:00:00+00:00,Barcelona,Celta Vigo,False,,,1.9465285705453441,0.8617922857963742,0.6279314540065297,0.21269207219116826,0.15937647380230197
15,2026-12-06 20:00:00+00:00,Getafe,Valencia,False,,,1.3254228258592944,1.1659865799209193,0.40324064440893814,0.26953993943096793,0.3272194161600939
15,2026-12-06 20:00:00+00:00,Osasuna,Elche,False,,,1.4878562744805246,1.0646340740057798,0.46937390702487264,0.25962719314403565,0.2709988998310919
15,2026-12-06 20:00:00+00:00,Racing Santander,Deportivo,False,,,1.4249947185066933,1.1014063995068382,0.4443491874075465,0.26413835843338207,0.29151245415907145
15,2026-12-06 20:00:00+00:00,Rayo Vallecano,Levante,False,,,1.5339674870194235,1.039378309597879,0.48724686511775456,0.25587551557411653,0.256877619308129
15,2026-12-06 20:00:00+00:00,Sevilla,Málaga,False,,,1.4177675686098092,1.1058204348358704,0.44142470480701723,0.2646070453084067,0.2939682498845762
15,2026-12-06 20:00:00+00:00,Villarreal,Real Sociedad,False,,,1.6959633656773179,0.9604549749141903,0.5466525950399851,0.24045604381573601,0.21289136114427876
16,2026-12-13 20:00:00+00:00,Atlético Madrid,Valencia,False,,,1.5361701924535858,1.0382057925203172,0.4880901752194663,0.2556879440987412,0.2562218806817924
16,2026-12-13 20:00:00+00:00,Deportivo,Athletic Club,False,,,1.3949550392769356,1.120021023824029,0.43213115025754945,0.2660127184385957,0.3018561313038549
16,2026-12-13 20:00:00+00:00,Elche,Sevilla,False,,,1.4484200847388542,1.087370020140089,0.45376182981016416,0.26254571304947466,0.2836924571403613
16,2026-12-13 20:00:00+00:00,Espanyol,Celta Vigo,False,,,1.3164087677637442,1.1722623724485464,0.3994357775675971,0.2699059065587819,0.330658315873621
16,2026-12-13 20:00:00+00:00,Levante,Alavés,False,,,1.4557507475293796,1.0830604963210284,0.4566862919055895,0.262025059499468,0.2812886485949425
16,2026-12-13 20:00:00+00:00,Málaga,Barcelona,False,,,0.9182602804455436,1.5562199441107474,0.2224795039995385,0.2550006862621233,0.5225198097383382
16,2026-12-13 20:00:00+00:00,Real Betis,Racing Santander,False,,,1.6980447080234515,0.9595288060143228,0.5473809061150083,0.2402402746988872,0.21237881918610443
16,2026-12-13 20:00:00+00:00,Real Madrid,Osasuna,False,,,2.001862485465555,0.8429984632406703,0.6441661713167905,0.2062974535895548,0.14953637509365467
16,2026-12-13 20:00:00+00:00,Real Sociedad,Getafe,False,,,1.5226590056148444,1.0454455892259626,0.48290226925210344,0.25682692945651026,0.2602708012913864
16,2026-12-13 20:00:00+00:00,Villarreal,Rayo Vallecano,False,,,1.61231554371404,0.9994386037931602,0.5166448537636432,0.24879380209117502,0.23456134414518182
17,2026-12-20 20:00:00+00:00,Alavés,Elche,False,,,1.4956387630852501,1.060273981979539,0.4724195801612836,0.25901842508924233,0.2685619947494739
17,2026-12-20 20:00:00+00:00,Athletic Club,Real Betis,False,,,1.2522354635474682,1.2192650089816932,0.3719822124536386,0.2718277424525817,0.35619004509377955
17,2026-12-20 20:00:00+00:00,Barcelona,Real Sociedad,False,,,2.081067584502062,0.8176563226307517,0.6663598709808528,0.19712178248852788,0.13651834653061928
17,2026-12-20 20:00:00+00:00,Celta Vigo,Atlético Madrid,False,,,1.4045692915176156,1.1139860079590527,0.4360593623690973,0.26543421673674,0.2985064208941626
17,2026-12-20 20:00:00+00:00,Deportivo,Real Madrid,False,,,0.9962771596961655,1.4595316433090026,0.2578232798964002,0.2639304484631144,0.47824627164048544
17,2026-12-20 20:00:00+00:00,Getafe,Levante,False,,,1.3732487720587734,1.1339236128334975,0.4232018099151428,0.26724116296246203,0.30955702712239525
17,2026-12-20 20:00:00+00:00,Osasuna,Villarreal,False,,,1.1678569119018902,1.2880409486946833,0.33501548148268206,0.2722795224586181,0.3927049960586999
17,2026-12-20 20:00:00+00:00,Rayo Vallecano,Málaga,False,,,1.6226351536980783,0.9944353119630104,0.520424436452414,0.24780398905973416,0.23177157448785207
17,2026-12-20 20:00:00+00:00,Sevilla,Racing Santander,False,,,1.4188277947902375,1.1051703799225467,0.44185432780210954,0.26453897673494386,0.2936066954629466
17,2026-12-20 20:00:00+00:00,Valencia,Espanyol,False,,,1.4881109597802014,1.0644907434386346,0.46947376362940757,0.25960743542296527,0.270918800947627
18,2027-01-03 20:00:00+00:00,Celta Vigo,Deportivo,False,,,1.6402710323262715,0.9860151571762333,0.5268332659820838,0.24608536752511198,0.22708136649280436
18,2027-01-03 20:00:00+00:00,Espanyol,Barcelona,False,,,0.9696882423718756,1.4909212246661447,0.2457616348652218,0.2612923628778688,0.49294600225690927
18,2027-01-03 20:00:00+00:00,Levante,Valencia,False,,,1.3839084857074127,1.127047518804793,0.4275973195792866,0.266651589286953,0.3057510911337602
18,2027-01-03 20:00:00+00:00,Málaga,Elche,False,,,1.435512115563896,1.095053802165894,0.4485878609531484,0.26343696283527657,0.287975176211575
18,2027-01-03 20:00:00+00:00,Racing Santander,Athletic Club,False,,,1.386344994558104,1.1254891065609756,0.42859919779004585,0.2665130875765272,0.3048877146334271
18,2027-01-03 20:00:00+00:00,Rayo Vallecano,Atlético Madrid,False,,,1.3819241074420188,1.1283203709431098,0.42678057944137526,0.2667633692176711,0.3064560513409537
18,2027-01-03 20:00:00+00:00,Real Betis,Alavés,False,,,1.6285632129397796,0.9915868180379898,0.5225857735036017,0.24723003237936994,0.23018419411702862
18,2027-01-03 20:00:00+00:00,Real Madrid,Getafe,False,,,2.0480311623941607,0.8280136086126025,0.6572507083564842,0.20094780253872035,0.14180148910479554
18,2027-01-03 20:00:00+00:00,Real Sociedad,Osasuna,False,,,1.4883337702407482,1.0643653871775385,0.4695611125121595,0.2595901412615544,0.2708487462262861
18,2027-01-03 20:00:00+00:00,Villarreal,Sevilla,False,,,1.8452953347279233,0.89876892164544,0.5966398972835125,0.2242387270638255,0.179121375652662
19,2027-01-10 20:00:00+00:00,Alavés,Real Sociedad,False,,,1.3885761059591184,1.1240663541828415,0.4295156950046138,0.26638505711650606,0.30409924787888015
19,2027-01-10 20:00:00+00:00,Athletic Club,Villarreal,False,,,1.1645059026139988,1.2909556386737129,0.33352978853861487,0.27224278447255346,0.39422742698883184
19,2027-01-10 20:00:00+00:00,Atlético Madrid,Racing Santander,False,,,1.6848586953247793,0.9654309302212956,0.5427517109203955,0.241601074481947,0.21564721459765734
19,2027-01-10 20:00:00+00:00,Deportivo,Rayo Vallecano,False,,,1.2739361247807173,1.2028976180279716,0.3813352924776956,0.27131779401707073,0.3473469135052338
19,2027-01-10 20:00:00+00:00,Elche,Getafe,False,,,1.4136621521889035,1.1083457973605524,0.43975917573920964,0.2648683657049666,0.29537245855582367
19,2027-01-10 20:00:00+00:00,Espanyol,Real Betis,False,,,1.2795172701994892,1.1987683769509494,0.38372960223877156,0.2711628268168014,0.34510757094442696
19,2027-01-10 20:00:00+00:00,Osasuna,Barcelona,False,,,0.9517434963134839,1.5129893854262664,0.2376268961717362,0.25927957170902594,0.503093532119238
19,2027-01-10 20:00:00+00:00,Real Madrid,Levante,False,,,1.9614788685400604,0.8566211623960865,0.6323777532042048,0.21096776276820098,0.15665448402759422
19,2027-01-10 20:00:00+00:00,Sevilla,Celta Vigo,False,,,1.2326146558713473,1.2345061028048026,0.36346808008425047,0.27215713771796823,0.3643747821977812
19,2027-01-10 20:00:00+00:00,Valencia,Málaga,False,,,1.5714539023112675,1.0198248961268683,0.5014667693225849,0.25258837727656674,0.24594485340084843
20,2027-01-17 20:00:00+00:00,Atlético Madrid,Real Sociedad,False,,,1.5648997641992215,1.0231832221631023,0.4990008439360534,0.2531772097680021,0.24782194629594453
20,2027-01-17 20:00:00+00:00,Barcelona,Elche,False,,,2.2415230498522702,0.771253157663179,0.7076864617833777,0.1787371745747233,0.11357636364189905
20,2027-01-17 20:00:00+00:00,Celta Vigo,Valencia,False,,,1.504805454967863,1.055190102903964,0.4759918664556685,0.25828827551393535,0.26571985803039627
20,2027-01-17 20:00:00+00:00,Getafe,Athletic Club,False,,,1.405554752304171,1.113371587350234,0.4364610629912322,0.26537376205018637,0.29816517495858147
20,2027-01-17 20:00:00+00:00,Levante,Espanyol,False,,,1.4362847239594299,1.0945904179541432,0.4488984250362993,0.26338455034387065,0.28771702461982995
20,2027-01-17 20:00:00+00:00,Málaga,Real Madrid,False,,,0.9908682953871683,1.4657950870492367,0.2553694364577101,0.2634263515936654,0.48120421194862456
20,2027-01-17 20:00:00+00:00,Racing Santander,Osasuna,False,,,1.3823670629248352,1.1280359602333876,0.4269629534880603,0.2667384972849738,0.30629854922696576
20,2027-01-17 20:00:00+00:00,Rayo Vallecano,Sevilla,False,,,1.6410355486775952,0.9856538006235618,0.5271096495439729,0.24601011982483145,0.2268802306311954
20,2027-01-17 20:00:00+00:00,Real Betis,Deportivo,False,,,1.6875639108228222,0.9642133456686377,0.5437043497437271,0.241323104418753,0.2149725458375199
20,2027-01-17 20:00:00+00:00,Villarreal,Alavés,False,,,1.7512531325897323,0.9365210347919578,0.565696203382265,0.23461132469790877,0.19969247191982625
21,2027-01-24 20:00:00+00:00,Alavés,Barcelona,False,,,0.9567217546585431,1.5067931034207853,0.23988283951161551,0.25985716057003727,0.500259999918347
21,2027-01-24 20:00:00+00:00,Athletic Club,Levante,False,,,1.4008885884709747,1.1162877001866554,0.4345574571683012,0.26565812136426115,0.29978442146743756
21,2027-01-24 20:00:00+00:00,Deportivo,Atlético Madrid,False,,,1.2278058548190012,1.2383078311856142,0.36137336318609603,0.27221808071982867,0.3664085560940754
21,2027-01-24 20:00:00+00:00,Elche,Rayo Vallecano,False,,,1.265548214696152,1.2091646123519084,0.3777281883156204,0.27153256575557766,0.3507392459288019
21,2027-01-24 20:00:00+00:00,Espanyol,Villarreal,False,,,1.1898763906772032,1.269253840870126,0.3447469533301811,0.2724121271390755,0.38284091953074345
21,2027-01-24 20:00:00+00:00,Getafe,Osasuna,False,,,1.4015217008390382,1.1158910204566694,0.4348159716437635,0.2656198214299305,0.299564206926306
21,2027-01-24 20:00:00+00:00,Racing Santander,Celta Vigo,False,,,1.2456607652145366,1.2243243273100444,0.36913517142383406,0.2719523643623091,0.3589124642138569
21,2027-01-24 20:00:00+00:00,Real Madrid,Real Betis,False,,,1.7533395734672421,0.9356442869415563,0.5664024852297891,0.23438653200898574,0.1992109827612251
21,2027-01-24 20:00:00+00:00,Real Sociedad,Málaga,False,,,1.542604004915754,1.034798158903516,0.49054785673202367,0.25513595701732067,0.2543161862506557
21,2027-01-24 20:00:00+00:00,Valencia,Sevilla,False,,,1.5892739109735539,1.0108191782266143,0.5081275983942046,0.25095898899243746,0.2409134126133579
22,2027-01-31 20:00:00+00:00,Atlético Madrid,Espanyol,False,,,1.5943090194255645,1.0083071861622679,0.5099980085171205,0.250491318720648,0.23951067276223154
22,2027-01-31 20:00:00+00:00,Barcelona,Valencia,False,,,2.042861827274497,0.8296613080221013,0.6558063158167062,0.20154683792328146,0.14264684626001234
22,2027-01-31 20:00:00+00:00,Celta Vigo,Getafe,False,,,1.6279012529199244,0.9919039774266639,0.5223447827517593,0.24729431399710172,0.23036090325113895
22,2027-01-31 20:00:00+00:00,Levante,Real Sociedad,False,,,1.4097904474358989,1.1107394315554744,0.4381856449845753,0.265111497496969,0.2967028575184556
22,2027-01-31 20:00:00+00:00,Málaga,Alavés,False,,,1.376202352589851,1.1320088640418904,0.42442170951366665,0.2670804980565688,0.30849779242976444
22,2027-01-31 20:00:00+00:00,Osasuna,Deportivo,False,,,1.478059861295957,1.0701807270200256,0.46552344612544583,0.2603785712252929,0.2740979826492613
22,2027-01-31 20:00:00+00:00,Rayo Vallecano,Real Madrid,False,,,1.1213331645832174,1.3298949128060336,0.31428802137804757,0.27135813295843764,0.4143538456635149
22,2027-01-31 20:00:00+00:00,Real Betis,Elche,False,,,1.698748893094981,0.959215912314534,0.5476271148866357,0.2401671919826185,0.21220569313074572
22,2027-01-31 20:00:00+00:00,Sevilla,Athletic Club,False,,,1.3718254649305708,1.1348489445950505,0.4226134059361526,0.26731784090340394,0.3100687531604436
22,2027-01-31 20:00:00+00:00,Villarreal,Racing Santander,False,,,1.8259691061273207,0.9062433001068771,0.5904291481802675,0.22640557266443087,0.18316527915530154
23,2027-02-07 20:00:00+00:00,Alavés,Celta Vigo,False,,,1.298805998783912,1.1847419092183693,0.3919680533905927,0.27055501578717805,0.33747693082222896
23,2027-02-07 20:00:00+00:00,Athletic Club,Osasuna,False,,,1.4297305755142593,1.0985355686983336,0.4462603456819484,0.2638253330243128,0.28991432129373884
23,2027-02-07 20:00:00+00:00,Barcelona,Atlético Madrid,False,,,1.906785345528004,0.875890596337164,0.6158938286504986,0.2172568360736967,0.16684933527580476
23,2027-02-07 20:00:00+00:00,Deportivo,Málaga,False,,,1.4416717468178477,1.0913718001758859,0.4510607450738886,0.2630157788579667,0.28592347606814467
23,2027-02-07 20:00:00+00:00,Elche,Levante,False,,,1.353919066120018,1.1466387211469355,0.415180841593195,0.2682402787854176,0.3165788796213875
23,2027-02-07 20:00:00+00:00,Espanyol,Rayo Vallecano,False,,,1.3379803712289442,1.157369763228716,0.40851906517046777,0.2689934451255905,0.32248748970394137
23,2027-02-07 20:00:00+00:00,Getafe,Villarreal,False,,,1.1415299646100303,1.3113510805215367,0.3233118960114916,0.2718688314154495,0.40481927257305916
23,2027-02-07 20:00:00+00:00,Real Betis,Sevilla,False,,,1.7160169727738148,0.9516149472967398,0.5536326474991793,0.23836257961352456,0.20800477288729607
23,2027-02-07 20:00:00+00:00,Real Sociedad,Real Madrid,False,,,1.0660270896933768,1.3838736323534981,0.2894126551201758,0.2690253626494616,0.4415619822303628
23,2027-02-07 20:00:00+00:00,Valencia,Racing Santander,False,,,1.572629057255882,1.0192253935642706,0.5019079955724428,0.2524821943914788,0.24560981003607843
24,2027-02-14 20:00:00+00:00,Celta Vigo,Rayo Vallecano,False,,,1.4573407947184986,1.0821308577265831,0.4573192792189678,0.26191077082799674,0.2807699499530353
24,2027-02-14 20:00:00+00:00,Elche,Deportivo,False,,,1.424404013187114,1.101765675368392,0.4441105175605346,0.26417707653753003,0.29171240590193537
24,2027-02-14 20:00:00+00:00,Levante,Málaga,False,,,1.516725093288394,1.0486615935105132,0.48061243025486056,0.25731826356873644,0.262069306176403
24,2027-02-14 20:00:00+00:00,Osasuna,Atlético Madrid,False,,,1.2656673508748135,1.2090750808556545,0.37777949354030216,0.2715296694172534,0.3506908370424444
24,2027-02-14 20:00:00+00:00,Racing Santander,Getafe,False,,,1.4142484028212066,1.1079843757804935,0.43999720054084246,0.26483126967361986,0.2951715297855376
24,2027-02-14 20:00:00+00:00,Real Madrid,Athletic Club,False,,,2.007623091544767,0.8410951606797324,0.6458215235760669,0.20563024896317833,0.1485482274607548
24,2027-02-14 20:00:00+00:00,Real Sociedad,Real Betis,False,,,1.3035633150815178,1.1813395126518613,0.3939911116000473,0.2703882963711105,0.33562059202884226
24,2027-02-14 20:00:00+00:00,Sevilla,Espanyol,False,,,1.3425754673211445,1.1542526773553405,0.41044402543425706,0.2687830392234012,0.3207729353423415
24,2027-02-14 20:00:00+00:00,Valencia,Alavés,False,,,1.508279386370388,1.0532778781972565,0.47734138443179885,0.25800794088519213,0.2646506746830088
24,2027-02-14 20:00:00+00:00,Villarreal,Barcelona,False,,,1.1685099866576434,1.2874746468138496,0.33530488563957955,0.2722861649380933,0.3924089494223272
25,2027-02-21 20:00:00+00:00,Alavés,Racing Santander,False,,,1.495018773577886,1.0606198405550198,0.4721773781456709,0.2590673007094211,0.26875532114490797
25,2027-02-21 20:00:00+00:00,Athletic Club,Celta Vigo,False,,,1.2883403623474137,1.1923058028172038,0.38750512731294723,0.2708985414284211,0.34159633125863165
25,2027-02-21 20:00:00+00:00,Atlético Madrid,Elche,False,,,1.685557412110785,0.9651161118919717,0.5429979077771229,0.24152933976762206,0.21547275245525493
25,2027-02-21 20:00:00+00:00,Barcelona,Levante,False,,,2.1165755116460168,0.8068468059764397,0.6759179609288275,0.19301843722058898,0.13106360185058344
25,2027-02-21 20:00:00+00:00,Deportivo,Real Sociedad,False,,,1.34002863537748,1.1559779631911207,0.409377551941682,0.26890033841256716,0.3217221096457508
25,2027-02-21 20:00:00+00:00,Espanyol,Osasuna,False,,,1.460879376407634,1.080068476508836,0.4587262466132627,0.26165471096234033,0.27961904242439684
25,2027-02-21 20:00:00+00:00,Málaga,Real Betis,False,,,1.2116573513301543,1.2512715130191279,0.3543168120161221,0.27236389695547575,0.3733192910284021
25,2027-02-21 20:00:00+00:00,Rayo Vallecano,Getafe,False,,,1.6016553968045346,1.0046674336605654,0.5127177726166599,0.24980341624550662,0.23747881113783345
25,2027-02-21 20:00:00+00:00,Sevilla,Real Madrid,False,,,0.979758013210468,1.4788543337848428,0.25032909663777986,0.26233904390877477,0.4873318594534453
25,2027-02-21 20:00:00+00:00,Villarreal,Valencia,False,,,1.664827632701392,0.9745565572340041,0.5356508928582365,0.24363901698165746,0.2207100901601058
26,2027-02-28 20:00:00+00:00,Athletic Club,Barcelona,False,,,0.9490125955812675,1.516413108099485,0.2363896895285108,0.2589563922158516,0.5046539182556378
26,2027-02-28 20:00:00+00:00,Celta Vigo,Espanyol,False,,,1.5617572330993799,1.0248023765524779,0.49781543940622064,0.25345748310788635,0.24872707748589312
26,2027-02-28 20:00:00+00:00,Getafe,Alavés,False,,,1.3942289461075712,1.1204798226183175,0.43183380775863,0.26605556716375145,0.30211062507761843
26,2027-02-28 20:00:00+00:00,Levante,Deportivo,False,,,1.50849067765033,1.0531618268035756,0.4774233886141544,0.25799082691153163,0.26458578447431397
26,2027-02-28 20:00:00+00:00,Málaga,Atlético Madrid,False,,,1.2211400036531133,1.2436219135964195,0.3584646392661805,0.27228935861386727,0.3692460021199522
26,2027-02-28 20:00:00+00:00,Osasuna,Sevilla,False,,,1.5029805937974148,1.0561977602943617,0.47528201826174904,0.2584347429563367,0.2662832387819144
26,2027-02-28 20:00:00+00:00,Racing Santander,Rayo Vallecano,False,,,1.2660730419612287,1.2087703146645006,0.37795418623084304,0.2715197730719295,0.3505260406972275
26,2027-02-28 20:00:00+00:00,Real Betis,Villarreal,False,,,1.333391988469668,1.160501437880844,0.40659340916895903,0.26919800531277577,0.32420858551826537
26,2027-02-28 20:00:00+00:00,Real Madrid,Valencia,False,,,1.8931667136363477,0.8808430904214336,0.6116957185176666,0.218812911712949,0.1694913697693844
26,2027-02-28 20:00:00+00:00,Real Sociedad,Elche,False,,,1.5443977871713217,1.0338526143353906,0.49123160443228864,0.2549809790773092,0.25378741649040226
27,2027-03-07 20:00:00+00:00,Alavés,Athletic Club,False,,,1.445492421049325,1.0891020321724416,0.4525910541149148,0.2627507412129035,0.2846582046721816
27,2027-03-07 20:00:00+00:00,Atlético Madrid,Celta Vigo,False,,,1.463730502429744,1.0784132445516985,0.4598581476321512,0.2614466883808706,0.27869516398697813
27,2027-03-07 20:00:00+00:00,Barcelona,Real Betis,False,,,1.8919783762762687,0.8812782564666967,0.6113276181944609,0.21894846072082433,0.16972392108471474
27,2027-03-07 20:00:00+00:00,Deportivo,Getafe,False,,,1.423031744658646,1.1026013381280684,0.4435558151880066,0.2642667420483399,0.29217744276365365
27,2027-03-07 20:00:00+00:00,Elche,Málaga,False,,,1.4321794239701482,1.0970577544703335,0.44724695294862166,0.263661663925132,0.2890913831262464
27,2027-03-07 20:00:00+00:00,Espanyol,Racing Santander,False,,,1.5152808220412006,1.0494477496582415,0.4800540520046946,0.25743701141041087,0.2625089365848946
27,2027-03-07 20:00:00+00:00,Rayo Vallecano,Osasuna,False,,,1.565549349238548,1.0228492549330235,0.49924562884035145,0.253119107856746,0.24763526330290242
27,2027-03-07 20:00:00+00:00,Sevilla,Real Sociedad,False,,,1.3178097888372453,1.1712819166764956,0.40002801714697045,0.26985049418566187,0.33012148866736774
27,2027-03-07 20:00:00+00:00,Valencia,Levante,False,,,1.4855829962770617,1.0659153630916163,0.4684820484687383,0.2598030492086849,0.2717149023225769
27,2027-03-07 20:00:00+00:00,Villarreal,Real Madrid,False,,,1.2609055659693278,1.21266535565354,0.3757272531383835,0.271641938408581,0.35263080845303546
28,2027-03-14 18:00:00+00:00,Alavés,Sevilla,False,,,1.5108421927602824,1.0518722182651972,0.4783354444127228,0.25779987287182454,0.2638646827154525
28,2027-03-14 18:00:00+00:00,Athletic Club,Valencia,False,,,1.3521000341850442,1.1478519919838257,0.4144227235759727,0.2683295243229371,0.31724775210109024
28,2027-03-14 18:00:00+00:00,Barcelona,Deportivo,False,,,2.2267643084766955,0.7752713210454604,0.7040820411223843,0.18040668045526256,0.11551127842235308
28,2027-03-14 18:00:00+00:00,Elche,Villarreal,False,,,1.1254619083443698,1.3260557491932734,0.3161357063262401,0.2714767676711651,0.41238752600259493
28,2027-03-14 18:00:00+00:00,Getafe,Real Sociedad,False,,,1.3502109843302044,1.1491150544886553,0.4136348292736588,0.26842131760710913,0.3179438531192321
28,2027-03-14 18:00:00+00:00,Málaga,Rayo Vallecano,False,,,1.2670198288783099,1.2080597408160039,0.3783617839688035,0.27149647595790305,0.35014174007329335
28,2027-03-14 18:00:00+00:00,Osasuna,Celta Vigo,False,,,1.2920477205587382,1.1896138421709181,0.38908801416974753,0.27078054055439427,0.3401314452758582
28,2027-03-14 18:00:00+00:00,Racing Santander,Atlético Madrid,False,,,1.2202275006653687,1.2443534049120908,0.35806600419426465,0.27229791107546725,0.36963608473026816
28,2027-03-14 18:00:00+00:00,Real Betis,Levante,False,,,1.6040568076235397,1.0034841185450976,0.5136044426459976,0.24957714647932738,0.23681841087467498
28,2027-03-14 18:00:00+00:00,Real Madrid,Espanyol,False,,,1.9648166470447115,0.8554762691096534,0.6333643431689369,0.21058237983622077,0.1560532769948424
29,2027-03-21 18:00:00+00:00,Atlético Madrid,Getafe,False,,,1.6618316824528256,0.975938318748645,0.5345817594903824,0.2439406371971432,0.2214776033124744
29,2027-03-21 18:00:00+00:00,Celta Vigo,Real Madrid,False,,,1.1397081214895424,1.3129997145079837,0.3224994426226831,0.2718298749608982,0.40567068241641835
29,2027-03-21 18:00:00+00:00,Espanyol,Athletic Club,False,,,1.4650832369014641,1.0776299227190402,0.46039464447479145,0.2613474614675251,0.2782578940576836
29,2027-03-21 18:00:00+00:00,Levante,Osasuna,False,,,1.4633653026435312,1.0786249409041537,0.4597132490804156,0.26147341856813755,0.27881333235144684
29,2027-03-21 18:00:00+00:00,Racing Santander,Real Betis,False,,,1.2107519343018824,1.2520075037855445,0.3539201702079662,0.2723693424063017,0.3737104873857322
29,2027-03-21 18:00:00+00:00,Rayo Vallecano,Barcelona,False,,,1.039165054504789,1.411936091999368,0.27726548844158716,0.2673629141470213,0.4553715974113914
29,2027-03-21 18:00:00+00:00,Real Sociedad,Alavés,False,,,1.4805892928356337,1.0687423040089552,0.4665194046021792,0.26018618285073175,0.27329441254708925
29,2027-03-21 18:00:00+00:00,Sevilla,Elche,False,,,1.4194161876325704,1.1048099938175089,0.4420926664463767,0.2645010981688641,0.29340623538475935
29,2027-03-21 18:00:00+00:00,Valencia,Deportivo,False,,,1.5629223598155648,1.024201379426195,0.498255171843896,0.25335372571395715,0.2483911024421469
29,2027-03-21 18:00:00+00:00,Villarreal,Málaga,False,,,1.8246046415615167,0.9067763472465793,0.5899877665439235,0.2265579610411348,0.1834542724149416
30,2027-04-04 18:00:00+00:00,Athletic Club,Racing Santander,False,,,1.482972076099852,1.0673912863529182,0.46745649447067983,0.260003913665028,0.272539591864292
30,2027-04-04 18:00:00+00:00,Barcelona,Sevilla,False,,,2.2643085237878977,0.7651416365801772,0.7131751002486162,0.1761709907804298,0.11065390897095408
30,2027-04-04 18:00:00+00:00,Deportivo,Villarreal,False,,,1.1329213422728213,1.3191829183408605,0.31947012240939626,0.27167244528321993,0.4088574323073837
30,2027-04-04 18:00:00+00:00,Elche,Alavés,False,,,1.3746039254354923,1.133044180698852,0.4237617101268847,0.2671677056235274,0.3090705842495879
30,2027-04-04 18:00:00+00:00,Getafe,Espanyol,False,,,1.3755855804263946,1.1324080986381329,0.42416709386556317,0.26711422023149084,0.308718685902946
30,2027-04-04 18:00:00+00:00,Levante,Rayo Vallecano,False,,,1.3402571646190546,1.1558229127304926,0.40947329174977243,0.26888988216351506,0.3216368260867125
30,2027-04-04 18:00:00+00:00,Málaga,Osasuna,False,,,1.3834008161179003,1.1273728459561907,0.42738843662689874,0.26668027374833525,0.3059312896247661
30,2027-04-04 18:00:00+00:00,Real Betis,Celta Vigo,False,,,1.4751859253954973,1.071820407387957,0.4643903482343016,0.2605957788810685,0.2750138728846299
30,2027-04-04 18:00:00+00:00,Real Madrid,Atlético Madrid,False,,,1.7670615300591965,0.9299242622124877,0.5710251273888862,0.23290127245537534,0.19607360015573844
30,2027-04-04 18:00:00+00:00,Real Sociedad,Valencia,False,,,1.4075212323814508,1.1121478126721185,0.4372621285176277,0.26525248887072006,0.297485382611652
31,2027-04-11 18:00:00+00:00,Alavés,Real Betis,False,,,1.2624078073452663,1.21153008831375,0.37637504657272436,0.27160729613157647,0.3520176572956993
31,2027-04-11 18:00:00+00:00,Atlético Madrid,Levante,False,,,1.5916006494701211,1.0096566147434964,0.5089925586938266,0.2507432666945042,0.240264174611669
31,2027-04-11 18:00:00+00:00,Celta Vigo,Elche,False,,,1.6511425627616194,0.9809047269418256,0.5307522156691808,0.24500971678231692,0.22423806754850223
31,2027-04-11 18:00:00+00:00,Espanyol,Málaga,False,,,1.5141485208527634,1.0500650288382987,0.4796159998318683,0.2575298772630891,0.2628541229050425
31,2027-04-11 18:00:00+00:00,Osasuna,Real Madrid,False,,,1.0269990719628999,1.4250764593450305,0.2717546457459864,0.26648886408448924,0.46175649016952425
31,2027-04-11 18:00:00+00:00,Racing Santander,Barcelona,False,,,0.9175741058489151,1.5571353038048361,0.22216969695404892,0.2549056708238532,0.522924632222098
31,2027-04-11 18:00:00+00:00,Rayo Vallecano,Real Sociedad,False,,,1.5082334626623515,1.0533031055622533,0.47732355984240354,0.25801165961126715,0.2646647805463293
31,2027-04-11 18:00:00+00:00,Sevilla,Deportivo,False,,,1.4100704008832643,1.1105659599583628,0.4382995145855372,0.2650940258445402,0.2966064595699224
31,2027-04-11 18:00:00+00:00,Valencia,Getafe,False,,,1.5511358901168666,1.0303182608755195,0.4937942828439238,0.25439468229245826,0.2518110348636179
31,2027-04-11 18:00:00+00:00,Villarreal,Athletic Club,False,,,1.7654791703120687,0.9305798195068363,0.5704940448688856,0.233073140003879,0.1964328151272355
32,2027-04-18 18:00:00+00:00,Alavés,Rayo Vallecano,False,,,1.3200891508488926,1.169690757961598,0.40099087181391824,0.2697591819562847,0.32924994622979714
32,2027-04-18 18:00:00+00:00,Atlético Madrid,Sevilla,False,,,1.702691398077686,0.9574683928430878,0.54900366878238,0.23975727527054422,0.21123905594707593
32,2027-04-18 18:00:00+00:00,Barcelona,Espanyol,False,,,2.120177212566456,0.8057684372273434,0.6768741422282618,0.19260297384164066,0.13052288393009776
32,2027-04-18 18:00:00+00:00,Deportivo,Celta Vigo,False,,,1.2533970753935264,1.21837606296918,0.3724845916600128,0.2718042562702653,0.3557111520697219
32,2027-04-18 18:00:00+00:00,Elche,Osasuna,False,,,1.381794028114898,1.1284039225873905,0.4267270164858892,0.26677066444613146,0.3065023190679794
32,2027-04-18 18:00:00+00:00,Getafe,Real Madrid,False,,,1.0038474767967382,1.450866571192284,0.2612574417102209,0.26460862763463094,0.4741339306551481
32,2027-04-18 18:00:00+00:00,Levante,Villarreal,False,,,1.1919011608155379,1.2675574548070885,0.34563899674822995,0.2724150300664439,0.3819459731853262
32,2027-04-18 18:00:00+00:00,Málaga,Valencia,False,,,1.3082858566494828,1.17798385761203,0.395995856836202,0.27021637241829083,0.33378777074550714
32,2027-04-18 18:00:00+00:00,Real Betis,Athletic Club,False,,,1.641792597812445,0.985296269784409,0.5273832155828313,0.24593554749839072,0.22668123691877806
32,2027-04-18 18:00:00+00:00,Real Sociedad,Racing Santander,False,,,1.5437575855084096,1.0341898543304562,0.4909876480934194,0.2550363444188754,0.25397600748770516
33,2027-04-21 18:00:00+00:00,Athletic Club,Deportivo,False,,,1.4738187661131608,1.0726024241283023,0.46385076646615275,0.26069858653479644,0.27545064699905075
33,2027-04-21 18:00:00+00:00,Celta Vigo,Barcelona,False,,,1.056193546747932,1.3939986294007862,0.2849696966350863,0.26845869571824277,0.4465716076466708
33,2027-04-21 18:00:00+00:00,Espanyol,Real Sociedad,False,,,1.4073955327457204,1.1122259463357007,0.43721094445726305,0.26526026608588454,0.2975287894568522
33,2027-04-21 18:00:00+00:00,Getafe,Real Betis,False,,,1.2275286034858288,1.2385278309120584,0.3612524982089679,0.27222135224719085,0.36652614954384133
33,2027-04-21 18:00:00+00:00,Osasuna,Alavés,False,,,1.4263838549710444,1.1005625535036463,0.44491020357981464,0.26404702115108564,0.2910427752690999
33,2027-04-21 18:00:00+00:00,Racing Santander,Málaga,False,,,1.432773353779738,1.0967000138193734,0.447486071559131,0.26362178421978116,0.28889214422108783
33,2027-04-21 18:00:00+00:00,Real Madrid,Elche,False,,,2.0772706059570134,0.818831742934825,0.6653235879707157,0.1975612179811276,0.1371151940481568
33,2027-04-21 18:00:00+00:00,Sevilla,Levante,False,,,1.340294735659777,1.1557974263903161,0.40948903088833116,0.26888816181150826,0.3216228073001607
33,2027-04-21 18:00:00+00:00,Valencia,Rayo Vallecano,False,,,1.3886183862593873,1.124039431987276,0.42953305439846795,0.26638261982741374,0.30408432577411826
33,2027-04-21 18:00:00+00:00,Villarreal,Atlético Madrid,False,,,1.5539322779849185,1.028859506676243,0.49485516209052616,0.2541494647115933,0.2509953731978805
34,2027-05-02 18:00:00+00:00,Atlético Madrid,Alavés,False,,,1.6159167525109428,0.9976861331657627,0.5179662721355307,0.24844975721570617,0.23358397064876307
34,2027-05-02 18:00:00+00:00,Barcelona,Osasuna,False,,,2.1601523128173774,0.7940156598586143,0.6873236771219307,0.18800410487747535,0.124672218000594
34,2027-05-02 18:00:00+00:00,Celta Vigo,Sevilla,False,,,1.667926715764324,0.973131896633701,0.5367548879680974,0.24332612211729976,0.2199189899146027
34,2027-05-02 18:00:00+00:00,Deportivo,Racing Santander,False,,,1.44274984887308,1.0907302388711584,0.45149283816298835,0.26294128326079974,0.28556587857621185
34,2027-05-02 18:00:00+00:00,Elche,Espanyol,False,,,1.3562229818177163,1.1451062129257594,0.4161402357037198,0.26812604665881956,0.3157337176374607
34,2027-05-02 18:00:00+00:00,Levante,Real Madrid,False,,,1.0481432901189984,1.4024137132778878,0.28132902623424083,0.26795896499383065,0.45071200877192846
34,2027-05-02 18:00:00+00:00,Málaga,Getafe,False,,,1.4153059973208255,1.1073330487976738,0.44042643798281733,0.26476416243699274,0.29480939958018976
34,2027-05-02 18:00:00+00:00,Rayo Vallecano,Villarreal,False,,,1.2751293769919179,1.2020120702451276,0.38184758841549754,0.27128546573267326,0.3468669458518293
34,2027-05-02 18:00:00+00:00,Real Betis,Valencia,False,,,1.5481925416993843,1.0318587620409343,0.49267596355605137,0.25465158938484467,0.2526724470591041
34,2027-05-02 18:00:00+00:00,Real Sociedad,Athletic Club,False,,,1.4926166341372418,1.061962287462029,0.47123826572417626,0.2592560530562248,0.269505681219599
35,2027-05-09 18:00:00+00:00,Alavés,Levante,False,,,1.4122684932565883,1.10920605941132,0.43919308193341744,0.26495625569861586,0.2958506623679667
35,2027-05-09 18:00:00+00:00,Athletic Club,Málaga,False,,,1.4818639177837418,1.0680191198189048,0.4670208191585272,0.2600888057984644,0.2728903750430084
35,2027-05-09 18:00:00+00:00,Getafe,Elche,False,,,1.4543155955523832,1.0839011327414392,0.4561145568710747,0.26212780169002614,0.28175764143889925
35,2027-05-09 18:00:00+00:00,Osasuna,Real Sociedad,False,,,1.3813507130446363,1.1286887752090444,0.42654444958241877,0.26679549708374733,0.30666005333383395
35,2027-05-09 18:00:00+00:00,Racing Santander,Sevilla,False,,,1.449020749607192,1.087015438572023,0.45400183719532583,0.26250344126011077,0.28349472154456334
35,2027-05-09 18:00:00+00:00,Rayo Vallecano,Deportivo,False,,,1.6138257443043726,0.9987028382330548,0.5171993246549049,0.24864970406703008,0.2341509712780649
35,2027-05-09 18:00:00+00:00,Real Betis,Espanyol,False,,,1.6067863737782395,1.0021429396426864,0.5146108536497728,0.249319127945177,0.23607001840505007
35,2027-05-09 18:00:00+00:00,Real Madrid,Barcelona,False,,,1.328776726094074,1.1636709417434572,0.40465296008387824,0.2693981141733575,0.3259489257427641
35,2027-05-09 18:00:00+00:00,Valencia,Atlético Madrid,False,,,1.3383353777270919,1.1571282628966904,0.4086679087700169,0.2689773866525761,0.32235470457740695
35,2027-05-09 18:00:00+00:00,Villarreal,Celta Vigo,False,,,1.5863209683692374,1.0122990128330347,0.5070282701768328,0.25123179685135794,0.24173993297180932
36,2027-05-16 18:00:00+00:00,Atlético Madrid,Rayo Vallecano,False,,,1.4877162238496726,1.0647129097068193,0.46931899085367973,0.2596380530708667,0.2710429560754536
36,2027-05-16 18:00:00+00:00,Deportivo,Alavés,False,,,1.3837146444065678,1.1271717119078593,0.42751756807235375,0.26666254883711404,0.3058198830905321
36,2027-05-16 18:00:00+00:00,Elche,Athletic Club,False,,,1.385770310769861,1.1258562381380304,0.428362985879714,0.26654587915104855,0.30509113496923734
36,2027-05-16 18:00:00+00:00,Espanyol,Valencia,False,,,1.3815575386086354,1.1285558588772928,0.4266296292127759,0.26678391731874906,0.306586453468475
36,2027-05-16 18:00:00+00:00,Levante,Getafe,False,,,1.4971146937115039,1.059451669964225,0.4729958593707415,0.25890181201803864,0.26810232861121974
36,2027-05-16 18:00:00+00:00,Málaga,Celta Vigo,False,,,1.246592287548982,1.223604610058131,0.3695389169612268,0.27193557098821003,0.35852551205056327
36,2027-05-16 18:00:00+00:00,Osasuna,Real Betis,False,,,1.255838925461706,1.2165121804591648,0.3735400288212197,0.2717534595839142,0.35470651159486594
36,2027-05-16 18:00:00+00:00,Real Madrid,Racing Santander,False,,,2.076409511679815,0.8190988436889537,0.665088191689206,0.1976608886416436,0.13725091966915048
36,2027-05-16 18:00:00+00:00,Real Sociedad,Barcelona,False,,,0.9879116517315742,1.4692447572142513,0.25402807674539446,0.2631438439017843,0.482828079352821
36,2027-05-16 18:00:00+00:00,Sevilla,Villarreal,False,,,1.1141365157537777,1.3366475367538777,0.31106393596288834,0.27113351661321966,0.417802547423892
37,2027-05-23 18:00:00+00:00,Alavés,Real Madrid,False,,,1.032370967563102,1.4192402150815016,0.2741885387625841,0.2668843124605571,0.4589271487768586
37,2027-05-23 18:00:00+00:00,Atlético Madrid,Athletic Club,False,,,1.6290434057911465,0.9913568913399933,0.5227605347041865,0.24718337208298927,0.23005609321282422
37,2027-05-23 18:00:00+00:00,Barcelona,Málaga,False,,,2.238919572752219,0.7719585330946149,0.70705345992776,0.17903127375950897,0.11391526631273086
37,2027-05-23 18:00:00+00:00,Celta Vigo,Real Sociedad,False,,,1.532948441008148,1.0399217739509627,0.486856395900219,0.2559620467916713,0.25718155730810954
37,2027-05-23 18:00:00+00:00,Deportivo,Espanyol,False,,,1.365211873978446,1.1391712276777608,0.41987468569483205,0.2676677145457387,0.3124575997594292
37,2027-05-23 18:00:00+00:00,Racing Santander,Levante,False,,,1.3544805410858511,1.1462648125893893,0.41541473380246285,0.2682125629300983,0.31637270326743905
37,2027-05-23 18:00:00+00:00,Rayo Vallecano,Real Betis,False,,,1.3711929006939099,1.1352607430641157,0.4223517866315625,0.2673517628258718,0.31029645054256555
37,2027-05-23 18:00:00+00:00,Sevilla,Getafe,False,,,1.399436633985846,1.1171986402643848,0.4339643179967312,0.2657456202060672,0.3002900617972016
37,2027-05-23 18:00:00+00:00,Valencia,Elche,False,,,1.573281232018973,1.0188930333450543,0.5021527425767682,0.2524231874778031,0.2454240699454288
37,2027-05-23 18:00:00+00:00,Villarreal,Osasuna,False,,,1.760413363844682,0.9326856156597866,0.568790350027374,0.2336223325862475,0.19758731738637858
38,2027-05-30 18:00:00+00:00,Athletic Club,Rayo Vallecano,False,,,1.3094520171049109,1.177158558642844,0.3964903543598927,0.2701729418629098,0.3333367037771975
38,2027-05-30 18:00:00+00:00,Elche,Racing Santander,False,,,1.4332504275351772,1.0964128506857518,0.4476780960257172,0.26358969892875594,0.288732205045527
38,2027-05-30 18:00:00+00:00,Espanyol,Alavés,False,,,1.4532777566981272,1.0845099680782395,0.4557008608048776,0.26220185521913464,0.2820972839759879
38,2027-05-30 18:00:00+00:00,Getafe,Barcelona,False,,,0.9302883842980828,1.5403704885368912,0.22791466462249965,0.25661789088057185,0.5154674444969286
38,2027-05-30 18:00:00+00:00,Levante,Celta Vigo,False,,,1.3186488535270167,1.170695617645991,0.4003825549414036,0.26981704771514126,0.32980039734345507
38,2027-05-30 18:00:00+00:00,Málaga,Sevilla,False,,,1.4501043473482687,1.0863764381480459,0.4544346381756846,0.26242700609004294,0.2831383557342725
38,2027-05-30 18:00:00+00:00,Osasuna,Valencia,False,,,1.3559908687119813,1.1452603981302358,0.41604362043686116,0.26813761562981975,0.3158187639333192
38,2027-05-30 18:00:00+00:00,Real Betis,Atlético Madrid,False,,,1.44506633349093,1.089354629028555,0.4524205271561551,0.26278044096749903,0.28479903187634575
38,2027-05-30 18:00:00+00:00,Real Madrid,Deportivo,False,,,2.0635933432394054,0.823097786701413,0.6615678415088022,0.19914486831869938,0.1392872901724984
38,2027-05-30 18:00:00+00:00,Real Sociedad,Villarreal,False,,,1.2122378091282644,1.2508001901241097,0.35457104221171165,0.2723602515740541,0.37306870621423444
