HomeTeam,AwayTeam,gameweek,kickoff_utc,p_home,p_draw,p_away,pred_date,finished,FTHG,FTAG,outcome
Alavés,Getafe,1,2026-08-15 17:30:00+00:00,0.4163249668588135,0.2681038857903621,0.3155711473508243,2026-08-15,True,3.0,0.0,H
Sevilla,Rayo Vallecano,1,2026-08-15 19:30:00+00:00,0.3592586346827428,0.2722714486019443,0.3684699167153129,2026-08-15,True,2.0,1.0,H
Racing Santander,Villarreal,1,2026-08-16 15:00:00+00:00,0.364982920896329,0.2721080846577896,0.3629089944458813,2026-08-15,True,2.0,2.0,D
Espanyol,Levante,1,2026-08-16 17:00:00+00:00,0.4078400236008035,0.2690662565472924,0.3230937198519039,2026-08-15,True,3.0,0.0,H
Deportivo,Elche,1,2026-08-17 19:00:00+00:00,0.4109483439922855,0.2687269405944247,0.3203247154132896,2026-08-17,True,1.0,1.0,D
Atlético Madrid,Málaga,1,2026-08-19 19:00:00+00:00,0.5892241178289361,0.228637015044321,0.1821388671267428,2026-08-19,True,2.0,0.0,H
Rayo Vallecano,Alavés,2,2026-08-20 19:00:00+00:00,0.4770244834569808,0.2602220110409308,0.2627535055020882,2026-08-20,True,1.0,1.0,D
Real Betis,Real Sociedad,2,2026-08-21 19:00:00+00:00,0.5144421453595398,0.2514102462963579,0.2341476083441026,2026-08-21,True,1.0,0.0,H
Athletic Club,Sevilla,2,2026-08-22 15:00:00+00:00,0.4455103862388528,0.2662439458040764,0.2882456679570706,2026-08-22,True,1.0,3.0,A
Valencia,Celta Vigo,2,2026-08-22 17:30:00+00:00,0.4603239220580402,0.2636211763477025,0.2760549015942573,2026-08-22,True,0.0,0.0,D
Espanyol,Real Madrid,2,2026-08-22 19:30:00+00:00,0.240717195341283,0.2625546224120089,0.4967281822467079,2026-08-22,True,1.0,2.0,A
Atlético Madrid,Villarreal,2,2026-08-23 15:00:00+00:00,0.4822987831070068,0.259162640456027,0.258538576436966,2026-08-23,True,2.0,2.0,D
Getafe,Racing Santander,2,2026-08-23 17:30:00+00:00,0.471478556803401,0.2614410879982418,0.2670803551983572,2026-08-23,True,1.0,0.0,H
Elche,Barcelona,2,2026-08-23 19:30:00+00:00,0.2171700425801722,0.2557912827497657,0.5270386746700622,2026-08-23,True,0.0,5.0,A
Osasuna,Levante,2,2026-08-24 17:30:00+00:00,0.4310081172780288,0.2685006862125624,0.300491196509409,2026-08-24,True,0.0,0.0,D
Málaga,Deportivo,2,2026-08-24 19:30:00+00:00,0.4535794069045444,0.2648543882077154,0.2815662048877402,2026-08-24,True,1.0,1.0,D
Valencia,Real Betis,1,2026-08-25 19:00:00+00:00,0.4158612245875684,0.270633238960229,0.3135055364522027,2026-08-25,True,0.0,1.0,A
Real Madrid,Real Sociedad,1,2026-08-26 19:00:00+00:00,0.6956298207837062,0.1860987343772019,0.1182714448390918,2026-08-26,True,4.0,1.0,H
Celta Vigo,Osasuna,1,2026-08-27 18:30:00+00:00,0.5276903666558077,0.2482169797451407,0.2240926535990514,2026-08-27,True,1.0,2.0,A
Barcelona,Athletic Club,1,2026-08-27 19:00:00+00:00,0.755925844191318,0.1567486508855047,0.0873255049231771,2026-08-27,True,2.0,0.0,H
Racing Santander,Elche,3,2026-08-28 17:00:00+00:00,0.4326631081982395,0.2684175008871089,0.2989193909146513,2026-08-27,True,3.0,2.0,H
Alavés,Villarreal,3,2026-08-28 19:30:00+00:00,0.3556017404389879,0.274863349867873,0.369534909693139,2026-08-28,True,1.0,0.0,H
Levante,Real Betis,3,2026-08-29 15:00:00+00:00,0.355061288258717,0.2748716163382523,0.3700670954030305,2026-08-29,True,5.0,2.0,H
Real Sociedad,Espanyol,3,2026-08-29 17:00:00+00:00,0.4434097983073754,0.2667960385801087,0.2897941631125157,2026-08-29,True,2.0,1.0,H
Sevilla,Atlético Madrid,3,2026-08-29 19:30:00+00:00,0.3305097849164845,0.2746493578461772,0.3948408572373383,2026-08-29,True,1.0,3.0,A
Real Madrid,Málaga,3,2026-08-30 15:00:00+00:00,0.7293234659012623,0.1701011489274158,0.1005753851713219,2026-08-30,True,4.0,0.0,H
Deportivo,Valencia,3,2026-08-30 17:30:00+00:00,0.3663249812836202,0.2745865745718788,0.3590884441445009,2026-08-30,True,3.0,1.0,H
Celta Vigo,Athletic Club,3,2026-08-30 19:30:00+00:00,0.5164895586712349,0.2512272654172869,0.2322831759114783,2026-08-30,True,0.0,2.0,A
Osasuna,Getafe,3,2026-08-31 17:30:00+00:00,0.4284433187880009,0.2690527711142439,0.3025039100977551,2026-08-31,True,1.0,0.0,H
Barcelona,Rayo Vallecano,3,2026-08-31 19:30:00+00:00,0.6867958318648348,0.1900785853248773,0.1231255828102878,2026-08-31,True,5.0,2.0,H
Real Sociedad,Celta Vigo,6,2026-09-03 19:00:00+00:00,0.4549643518002026,0.2620338239432586,0.2830018242565387,2026-09-03,True,0.0,0.0,D
Real Betis,Real Madrid,4,2026-09-04 19:00:00+00:00,0.3064538231554209,0.2727766362353747,0.4207695406092044,2026-09-04,True,1.0,0.0,H
Athletic Club,Atlético Madrid,4,2026-09-05 14:15:00+00:00,0.3028212062084293,0.2724520214263407,0.4247267723652301,2026-09-05,True,3.0,0.0,H
Rayo Vallecano,Racing Santander,4,2026-09-05 16:30:00+00:00,0.5034050306180519,0.2541764795798029,0.2424184898021453,2026-09-05,True,3.0,2.0,H
Villarreal,Deportivo,4,2026-09-05 19:00:00+00:00,0.5746969892383257,0.2336357408770739,0.1916672698846001,2026-09-05,True,2.0,3.0,A
Valencia,Barcelona,4,2026-09-06 14:15:00+00:00,0.2119921639431525,0.2533266929855588,0.5346811430712886,2026-09-05,True,0.0,5.0,A
Alavés,Osasuna,4,2026-09-06 16:30:00+00:00,0.4752011671188505,0.260538062654723,0.2642607702264264,2026-09-05,True,5.0,2.0,H
Málaga,Levante,4,2026-09-06 16:30:00+00:00,0.383119983393577,0.2733048557926529,0.3435751608137699,2026-09-05,True,0.0,0.0,D
Espanyol,Sevilla,4,2026-09-06 19:00:00+00:00,0.4224386707797735,0.2694522067119391,0.3081091225082876,2026-09-05,True,1.0,1.0,D
Getafe,Celta Vigo,4,2026-09-07 17:00:00+00:00,0.4506819125839902,0.2651844533690028,0.2841336340470068,2026-09-05,True,1.0,1.0,D
Elche,Real Sociedad,4,2026-09-07 19:30:00+00:00,0.412738787055327,0.2706361007357002,0.3166251122089727,2026-09-05,True,2.0,3.0,A
Villarreal,Real Betis,5,2026-09-13 18:00:00+00:00,0.4493546102374729,0.2654115491894258,0.2852338405731015,2026-09-14,True,1.0,2.0,A
Sevilla,Valencia,5,2026-09-13 18:00:00+00:00,0.431178659755698,0.2682600263015443,0.3005613139427578,2026-09-11,True,1.0,0.0,H
Real Sociedad,Atlético Madrid,5,2026-09-13 18:00:00+00:00,0.3174716994532452,0.2735825752003215,0.4089457253464334,2026-09-13,True,0.0,3.0,A
Racing Santander,Alavés,5,2026-09-13 18:00:00+00:00,0.3893275124864059,0.2728672592600578,0.3378052282535361,2026-09-12,True,2.0,1.0,H
Real Madrid,Rayo Vallecano,5,2026-09-13 18:00:00+00:00,0.6714646518684834,0.1966020358717054,0.1319333122598111,2026-09-12,True,4.0,1.0,H
Levante,Barcelona,5,2026-09-13 18:00:00+00:00,0.2157702960646884,0.2546058390738742,0.5296238648614375,2026-09-13,True,2.0,4.0,A
Osasuna,Espanyol,5,2026-09-13 18:00:00+00:00,0.4904459600336561,0.2572307271846781,0.2523233127816657,2026-09-12,True,0.0,2.0,A
Getafe,Deportivo,5,2026-09-13 18:00:00+00:00,0.4666815546533215,0.2622482962666905,0.2710701490799879,2026-09-13,True,1.0,1.0,D
Celta Vigo,Málaga,5,2026-09-13 18:00:00+00:00,0.48838785781308,0.257695449238884,0.253916692948036,2026-09-13,True,1.0,1.0,D
Athletic Club,Elche,5,2026-09-13 18:00:00+00:00,0.4747642417007707,0.2606282077101599,0.2646075505890694,2026-09-12,True,1.0,1.0,D
Real Betis,Getafe,6,2026-09-16 18:00:00+00:00,0.5435788913690971,0.2433540139443434,0.2130670946865593,2026-09-17,True,1.0,0.0,H
Rayo Vallecano,Espanyol,6,2026-09-16 18:00:00+00:00,0.5114880055021827,0.2521612764925,0.2363507180053173,2026-09-15,True,2.0,1.0,H
Málaga,Villarreal,6,2026-09-16 18:00:00+00:00,0.3097131088421842,0.2730427927767762,0.4172440983810394,2026-09-17,True,1.0,3.0,A
Levante,Athletic Club,6,2026-09-16 18:00:00+00:00,0.4847836738716626,0.2584956718468986,0.2567206542814387,2026-09-16,False,,,
Elche,Real Madrid,6,2026-09-16 18:00:00+00:00,0.1957113436738489,0.247241861323635,0.5570467950025159,2026-09-15,True,2.0,3.0,A
Deportivo,Sevilla,6,2026-09-16 18:00:00+00:00,0.4313249035942044,0.2682390823942804,0.3004360140115153,2026-09-16,True,0.0,1.0,A
Barcelona,Racing Santander,6,2026-09-16 18:00:00+00:00,0.7495100582824313,0.1598259277204479,0.0906640139971207,2026-09-16,True,7.0,2.0,H
Atlético Madrid,Osasuna,6,2026-09-16 18:00:00+00:00,0.5819774875217888,0.2312012614349173,0.1868212510432941,2026-09-16,True,4.0,0.0,H
Alavés,Valencia,6,2026-09-16 18:00:00+00:00,0.4732681338808477,0.260934894518593,0.2657969716005593,2026-09-15,True,0.0,1.0,A
Getafe,Málaga,7,2026-09-20 18:00:00+00:00,0.4906934615352237,0.2571744621594803,0.2521320763052961,2026-09-20,True,1.0,0.0,H
Valencia,Real Sociedad,7,2026-09-20 18:00:00+00:00,0.465984713587488,0.2623837208798755,0.2716315655326365,2026-09-20,True,2.0,3.0,A
Sevilla,Barcelona,7,2026-09-20 18:00:00+00:00,0.1998183462388866,0.2488671747170919,0.5513144790440215,2026-09-19,True,1.0,3.0,A
Osasuna,Rayo Vallecano,7,2026-09-20 18:00:00+00:00,0.4279477919148737,0.2687144072105371,0.3033378008745891,2026-09-19,True,1.0,1.0,D
Villarreal,Levante,7,2026-09-20 18:00:00+00:00,0.5303986395199012,0.2471245656850354,0.2224767947950632,2026-09-20,True,3.0,1.0,H
Espanyol,Elche,7,2026-09-20 18:00:00+00:00,0.4585033029469809,0.2637946363886982,0.2777020606643208,2026-09-18,True,1.0,3.0,A
Deportivo,Real Betis,7,2026-09-20 18:00:00+00:00,0.3385159322947396,0.2744066352959268,0.3870774324093334,2026-09-20,True,1.0,1.0,D
Celta Vigo,Racing Santander,7,2026-09-20 18:00:00+00:00,0.4655162721973677,0.2624743763049695,0.2720093514976626,2026-09-19,True,5.0,0.0,H
Atlético Madrid,Real Madrid,7,2026-09-20 18:00:00+00:00,0.3231183883242854,0.2738940422466941,0.4029875694290203,2026-09-20,True,2.0,1.0,H
Athletic Club,Alavés,7,2026-09-20 18:00:00+00:00,0.3972114347486088,0.2722170825452789,0.3305714827061122,2026-09-19,True,0.0,0.0,D
Racing Santander,Valencia,8,2026-10-11 18:00:00+00:00,0.413199187316891,0.270583270924504,0.3162175417586047,2026-10-10,False,,,
Real Madrid,Villarreal,8,2026-10-11 18:00:00+00:00,0.5977498417270897,0.2257241055169435,0.1765260527559667,2026-10-10,False,,,
Real Betis,Osasuna,8,2026-10-11 18:00:00+00:00,0.5364801535748492,0.2454109283339797,0.2181089180911711,2026-10-10,False,,,
Rayo Vallecano,Athletic Club,8,2026-10-11 18:00:00+00:00,0.4950181804899062,0.2561782471643459,0.2488035723457479,2026-10-10,False,,,
Real Sociedad,Deportivo,8,2026-10-11 18:00:00+00:00,0.4655144964140772,0.2624747193799995,0.2720107842059233,2026-10-10,False,,,
Málaga,Espanyol,8,2026-10-11 18:00:00+00:00,0.4338159777800814,0.2678773457676338,0.298306676452285,2026-10-09,True,1.0,1.0,D
Alavés,Atlético Madrid,8,2026-10-11 18:00:00+00:00,0.3611756047462672,0.2743080228985009,0.3645163723552316,2026-10-10,False,,,
Levante,Sevilla,8,2026-10-11 18:00:00+00:00,0.4745575359094328,0.2606707633417139,0.2647717007488531,2026-10-10,False,,,
Elche,Celta Vigo,8,2026-10-11 18:00:00+00:00,0.4138202864341813,0.2705114662020381,0.3156682473637805,2026-10-10,False,,,
Barcelona,Getafe,8,2026-10-11 18:00:00+00:00,0.7389474616126195,0.1651466577102313,0.095905880677149,2026-10-10,False,,,
Valencia,Athletic Club,9,2026-10-18 18:00:00+00:00,0.4760140981275982,0.2603696452238763,0.2636162566485255,2026-10-10,False,,,
Real Madrid,Sevilla,9,2026-10-18 18:00:00+00:00,0.703060517216137,0.1824263958120549,0.1145130869718079,2026-10-10,False,,,
Real Betis,Barcelona,9,2026-10-18 18:00:00+00:00,0.2733159430400365,0.2686700345976417,0.4580140223623217,2026-10-10,False,,,
Osasuna,Racing Santander,9,2026-10-18 18:00:00+00:00,0.4824101063871009,0.2590131513106691,0.25857674230223,2026-10-10,False,,,
Villarreal,Elche,9,2026-10-18 18:00:00+00:00,0.5941903068128054,0.2269842491734163,0.1788254440137781,2026-10-10,False,,,
Málaga,Real Sociedad,9,2026-10-18 18:00:00+00:00,0.4082516286544502,0.2711332177333309,0.3206151536122187,2026-10-10,False,,,
Getafe,Rayo Vallecano,9,2026-10-18 18:00:00+00:00,0.4137837788334837,0.2705157037994865,0.3157005173670298,2026-10-10,False,,,
Espanyol,Atlético Madrid,9,2026-10-18 18:00:00+00:00,0.3003342353431736,0.2722125770479309,0.4274531876088955,2026-10-10,False,,,
Deportivo,Levante,9,2026-10-18 18:00:00+00:00,0.4058681137509347,0.2713840819714499,0.3227478042776153,2026-10-10,False,,,
Celta Vigo,Alavés,9,2026-10-18 18:00:00+00:00,0.4057312786755815,0.2713982041397466,0.322870517184672,2026-10-10,False,,,
Valencia,Villarreal,10,2026-10-25 18:00:00+00:00,0.3619987015599972,0.2742861226174534,0.3637151758225492,2026-10-10,False,,,
Racing Santander,Espanyol,10,2026-10-25 18:00:00+00:00,0.4563327428035298,0.2641891308571713,0.2794781263392987,2026-10-10,False,,,
Real Sociedad,Levante,10,2026-10-25 18:00:00+00:00,0.422500076472185,0.2694442419542482,0.3080556815735667,2026-10-10,False,,,
Rayo Vallecano,Elche,10,2026-10-25 18:00:00+00:00,0.521799233170244,0.2494702268539095,0.2287305399758464,2026-10-10,False,,,
Sevilla,Osasuna,10,2026-10-25 18:00:00+00:00,0.4330684090370396,0.2679868898352399,0.2989447011277206,2026-10-10,False,,,
Celta Vigo,Real Betis,10,2026-10-25 18:00:00+00:00,0.3491128784737769,0.2744833435872092,0.376403777939014,2026-10-10,False,,,
Alavés,Málaga,10,2026-10-25 18:00:00+00:00,0.5326906526478788,0.2464840200316354,0.2208253273204858,2026-10-10,False,,,
Barcelona,Real Madrid,10,2026-10-25 18:00:00+00:00,0.4886660423764155,0.2576329640390256,0.2537009935845586,2026-10-10,False,,,
Atlético Madrid,Deportivo,10,2026-10-25 18:00:00+00:00,0.600822945568434,0.2246249964217411,0.1745520580098249,2026-10-10,False,,,
Athletic Club,Getafe,10,2026-10-25 18:00:00+00:00,0.4373784157442332,0.2673437564811012,0.2952778277746655,2026-10-10,False,,,
Real Betis,Málaga,11,2026-11-01 20:00:00+00:00,0.5941686413975318,0.226991876483744,0.1788394821187242,2026-10-10,False,,,
Rayo Vallecano,Celta Vigo,11,2026-11-01 20:00:00+00:00,0.4860435658538854,0.2582179184388317,0.2557385157072828,2026-10-10,False,,,
Racing Santander,Real Madrid,11,2026-11-01 20:00:00+00:00,0.2124039400351097,0.2534684621269706,0.5341275978379196,2026-10-10,False,,,
Levante,Atlético Madrid,11,2026-11-01 20:00:00+00:00,0.3463968093168885,0.2744845805583877,0.3791186101247239,2026-10-10,False,,,
Villarreal,Espanyol,11,2026-11-01 20:00:00+00:00,0.5839180301670016,0.2305423079190924,0.1855396619139057,2026-10-10,False,,,
Getafe,Sevilla,11,2026-11-01 20:00:00+00:00,0.4494141698853644,0.2654014136371284,0.2851844164775072,2026-10-10,False,,,
Elche,Valencia,11,2026-11-01 20:00:00+00:00,0.3957888166990683,0.2723421213577893,0.3318690619431423,2026-10-10,False,,,
Deportivo,Osasuna,11,2026-11-01 20:00:00+00:00,0.4161496831963592,0.2702367080925233,0.3136136087111174,2026-10-10,False,,,
Barcelona,Alavés,11,2026-11-01 20:00:00+00:00,0.7010156030818607,0.1833735532023336,0.1156108437158057,2026-10-10,False,,,
Athletic Club,Real Sociedad,11,2026-11-01 20:00:00+00:00,0.4385277275812967,0.2671675473558149,0.2943047250628884,2026-10-10,False,,,
Sevilla,Alavés,12,2026-11-08 20:00:00+00:00,0.4069612483861023,0.2712701725296778,0.3217685790842198,2026-10-10,False,,,
Real Sociedad,Rayo Vallecano,12,2026-11-08 20:00:00+00:00,0.4126544178334983,0.2706457452466186,0.316699836919883,2026-10-10,False,,,
Villarreal,Getafe,12,2026-11-08 20:00:00+00:00,0.556047893697494,0.2395955475218299,0.2043565587806761,2026-10-10,False,,,
Valencia,Real Madrid,12,2026-11-08 20:00:00+00:00,0.2382898896277312,0.2612683591386468,0.5004417512336219,2026-10-10,False,,,
Osasuna,Athletic Club,12,2026-11-08 20:00:00+00:00,0.4740804223065709,0.2607687653330226,0.2651508123604063,2026-10-10,False,,,
Málaga,Racing Santander,12,2026-11-08 20:00:00+00:00,0.4260075927966102,0.2689795878801213,0.3050128193232686,2026-10-10,False,,,
Elche,Real Betis,12,2026-11-08 20:00:00+00:00,0.3177565092173358,0.2735999110925364,0.4086435796901278,2026-10-10,False,,,
Celta Vigo,Levante,12,2026-11-08 20:00:00+00:00,0.4214114354765353,0.2695845761333071,0.3090039883901576,2026-10-10,False,,,
Atlético Madrid,Barcelona,12,2026-11-08 20:00:00+00:00,0.2984162431095036,0.2720182641709912,0.4295654927195049,2026-10-10,False,,,
Espanyol,Deportivo,12,2026-11-08 20:00:00+00:00,0.4394318405827438,0.2670275449766511,0.293540614440605,2026-10-10,False,,,
Sevilla,Real Betis,13,2026-11-22 20:00:00+00:00,0.3502731177060265,0.2744784805357125,0.3752484017582611,2026-10-10,False,,,
Real Madrid,Celta Vigo,13,2026-11-22 20:00:00+00:00,0.7042564926346131,0.1818705596289568,0.1138729477364299,2026-10-10,False,,,
Rayo Vallecano,Valencia,13,2026-11-22 20:00:00+00:00,0.4671970999238558,0.2621476681644827,0.2706552319116614,2026-10-10,False,,,
Racing Santander,Real Sociedad,13,2026-11-22 20:00:00+00:00,0.4303850924760641,0.2683731073911108,0.301241800132825,2026-10-10,False,,,
Osasuna,Málaga,13,2026-11-22 20:00:00+00:00,0.5054161464579634,0.2536829091901854,0.2409009443518509,2026-10-10,False,,,
Levante,Elche,13,2026-11-22 20:00:00+00:00,0.5114984964602278,0.2521586067198147,0.2363428968199576,2026-10-10,False,,,
Getafe,Atlético Madrid,13,2026-11-22 20:00:00+00:00,0.3239566153583065,0.2739345329553413,0.4021088516863523,2026-10-10,False,,,
Barcelona,Villarreal,13,2026-11-22 20:00:00+00:00,0.6380060267273474,0.2105223906364932,0.1514715826361594,2026-10-10,False,,,
Athletic Club,Espanyol,13,2026-11-22 20:00:00+00:00,0.4645974563523009,0.2626512977444233,0.272751245903276,2026-10-10,False,,,
Alavés,Deportivo,13,2026-11-22 20:00:00+00:00,0.5084133417657856,0.252937689085651,0.2386489691485632,2026-10-10,False,,,
Real Sociedad,Sevilla,14,2026-11-29 20:00:00+00:00,0.4482573692935009,0.265597348109597,0.2861452825969019,2026-10-10,False,,,
Real Madrid,Alavés,14,2026-11-29 20:00:00+00:00,0.662523273325835,0.2004334455749973,0.1370432810991674,2026-10-10,False,,,
Real Betis,Rayo Vallecano,14,2026-11-29 20:00:00+00:00,0.5153424844612957,0.251170988489595,0.2334865270491095,2026-10-10,False,,,
Málaga,Athletic Club,14,2026-11-29 20:00:00+00:00,0.4179349216261291,0.2700203250720287,0.3120447533018421,2026-10-10,False,,,
Valencia,Osasuna,14,2026-11-29 20:00:00+00:00,0.450326323928358,0.2652455439138328,0.2844281321578092,2026-10-10,False,,,
Espanyol,Getafe,14,2026-11-29 20:00:00+00:00,0.4214582207263255,0.2695785831240166,0.3089631961496579,2026-10-10,False,,,
Elche,Atlético Madrid,14,2026-11-29 20:00:00+00:00,0.2918192702682746,0.2712848479115505,0.4368958818201748,2026-10-10,False,,,
Deportivo,Barcelona,14,2026-11-29 20:00:00+00:00,0.186277085135958,0.2432655411609296,0.5704573737031123,2026-10-10,False,,,
Celta Vigo,Villarreal,14,2026-11-29 20:00:00+00:00,0.344889254205848,0.2744790942012736,0.3806316515928785,2026-10-10,False,,,
Levante,Racing Santander,14,2026-11-29 20:00:00+00:00,0.493145226114836,0.2566127181431662,0.2502420557419978,2026-10-10,False,,,
Villarreal,Real Sociedad,15,2026-12-06 20:00:00+00:00,0.5572355938322102,0.2392279907310739,0.2035364154367158,2026-10-10,False,,,
Sevilla,Málaga,15,2026-12-06 20:00:00+00:00,0.4896775121147618,0.2574049021523871,0.2529175857328511,2026-10-10,False,,,
Rayo Vallecano,Levante,15,2026-12-06 20:00:00+00:00,0.4584930039184524,0.2637965240762205,0.2777104720053271,2026-10-10,False,,,
Racing Santander,Deportivo,15,2026-12-06 20:00:00+00:00,0.4473076115666161,0.2657567558341533,0.2869356325992307,2026-10-10,False,,,
Osasuna,Elche,15,2026-12-06 20:00:00+00:00,0.5007085167215419,0.2548300623449805,0.2444614209334775,2026-10-10,False,,,
Getafe,Valencia,15,2026-12-06 20:00:00+00:00,0.4321658058362614,0.2681180242589883,0.2997161699047501,2026-10-10,False,,,
Barcelona,Celta Vigo,15,2026-12-06 20:00:00+00:00,0.7409831445831269,0.1641294699607785,0.0948873854560944,2026-10-10,False,,,
Atlético Madrid,Real Betis,15,2026-12-06 20:00:00+00:00,0.4788543784119954,0.259774128090143,0.2613714934978614,2026-10-10,False,,,
Athletic Club,Real Madrid,15,2026-12-06 20:00:00+00:00,0.2182149312838397,0.2554079251647113,0.5263771435514488,2026-10-10,False,,,
Alavés,Espanyol,15,2026-12-06 20:00:00+00:00,0.517641642731702,0.2505713631291884,0.2317869941391097,2026-10-10,False,,,
Real Sociedad,Getafe,16,2026-12-13 20:00:00+00:00,0.4472603366949605,0.2657646560454055,0.2869750072596339,2026-10-10,False,,,
Real Madrid,Osasuna,16,2026-12-13 20:00:00+00:00,0.6883728438110428,0.1891385721156042,0.122488584073353,2026-10-10,False,,,
Real Betis,Racing Santander,16,2026-12-13 20:00:00+00:00,0.5710922844544205,0.2348188692081555,0.194088846337424,2026-10-10,False,,,
Málaga,Barcelona,16,2026-12-13 20:00:00+00:00,0.1713717222082058,0.2362517922734514,0.5923764855183427,2026-10-10,False,,,
Villarreal,Rayo Vallecano,16,2026-12-13 20:00:00+00:00,0.5200856865590644,0.2499266763231212,0.2299876371178144,2026-10-10,False,,,
Espanyol,Celta Vigo,16,2026-12-13 20:00:00+00:00,0.423684730932831,0.2692894371816032,0.3070258318855658,2026-10-10,False,,,
Elche,Sevilla,16,2026-12-13 20:00:00+00:00,0.4125834713485153,0.2706538465702961,0.3167626820811886,2026-10-10,False,,,
Deportivo,Athletic Club,16,2026-12-13 20:00:00+00:00,0.4413280188530555,0.2667299683009987,0.2919420128459459,2026-10-10,False,,,
Atlético Madrid,Valencia,16,2026-12-13 20:00:00+00:00,0.5655423339634021,0.2366114288220523,0.1978462372145455,2026-10-10,False,,,
Levante,Alavés,16,2026-12-13 20:00:00+00:00,0.4324390924025265,0.268078450237488,0.2994824573599854,2026-10-10,False,,,
Sevilla,Racing Santander,17,2026-12-20 20:00:00+00:00,0.4667944222562735,0.2622262976285708,0.2709792801151555,2026-10-10,False,,,
Rayo Vallecano,Málaga,17,2026-12-20 20:00:00+00:00,0.5265248545322323,0.2481925205169492,0.2252826249508186,2026-10-10,False,,,
Osasuna,Villarreal,17,2026-12-20 20:00:00+00:00,0.3602261076163865,0.27433172782311,0.3654421645605034,2026-10-10,False,,,
Getafe,Levante,17,2026-12-20 20:00:00+00:00,0.4236378698968164,0.2692956021220583,0.3070665279811255,2026-10-10,False,,,
Valencia,Espanyol,17,2026-12-20 20:00:00+00:00,0.4923910160183893,0.256786367515371,0.2508226164662396,2026-10-10,False,,,
Celta Vigo,Atlético Madrid,17,2026-12-20 20:00:00+00:00,0.3219563063141986,0.2738354638949019,0.4042082297908993,2026-10-10,False,,,
Barcelona,Real Sociedad,17,2026-12-20 20:00:00+00:00,0.7399881661460761,0.1646271326576047,0.0953847011963189,2026-10-10,False,,,
Athletic Club,Real Betis,17,2026-12-20 20:00:00+00:00,0.3410893009406001,0.274445539876962,0.3844651591824379,2026-10-10,False,,,
Alavés,Elche,17,2026-12-20 20:00:00+00:00,0.5279620873287493,0.2477984468194755,0.2242394658517751,2026-10-10,False,,,
Deportivo,Real Madrid,17,2026-12-20 20:00:00+00:00,0.2131832593206226,0.2537351865827579,0.5330815540966194,2026-10-10,False,,,
Real Betis,Alavés,18,2027-01-03 20:00:00+00:00,0.5091914195279739,0.2527423483770175,0.2380662320950084,2026-10-10,False,,,
Villarreal,Sevilla,18,2027-01-03 20:00:00+00:00,0.5570721893914088,0.2392786572295756,0.2036491533790156,2026-10-10,False,,,
Real Sociedad,Osasuna,18,2027-01-03 20:00:00+00:00,0.4329107859552638,0.2680098790074177,0.2990793350373184,2026-10-10,False,,,
Real Madrid,Getafe,18,2027-01-03 20:00:00+00:00,0.7021175526612615,0.1828636617497692,0.1150187855889691,2026-10-10,False,,,
Rayo Vallecano,Atlético Madrid,18,2027-01-03 20:00:00+00:00,0.3556166114172719,0.2744229204078154,0.3699604681749127,2026-10-10,False,,,
Racing Santander,Athletic Club,18,2027-01-03 20:00:00+00:00,0.4402237815302655,0.2669039117845514,0.2928723066851831,2026-10-10,False,,,
Espanyol,Barcelona,18,2027-01-03 20:00:00+00:00,0.1805104839148537,0.2406617593316898,0.5788277567534563,2026-10-10,False,,,
Celta Vigo,Deportivo,18,2027-01-03 20:00:00+00:00,0.4643975413825892,0.2626896352455493,0.2729128233718615,2026-10-10,False,,,
Málaga,Elche,18,2027-01-03 20:00:00+00:00,0.4438174812958597,0.2663311927566667,0.2898513259474737,2026-10-10,False,,,
Levante,Valencia,18,2027-01-03 20:00:00+00:00,0.4570759178552917,0.2640548175717618,0.2788692645729463,2026-10-10,False,,,
Sevilla,Celta Vigo,19,2027-01-10 20:00:00+00:00,0.4496835192106232,0.2653555127559848,0.2849609680333921,2026-10-10,False,,,
Real Madrid,Levante,19,2027-01-10 20:00:00+00:00,0.6781959160321848,0.1936648162506103,0.1281392677172048,2026-10-10,False,,,
Osasuna,Barcelona,19,2027-01-10 20:00:00+00:00,0.2081137811271884,0.251962738297186,0.5399234805756254,2026-10-10,False,,,
Espanyol,Real Betis,19,2027-01-10 20:00:00+00:00,0.3266338208644844,0.2740540158391789,0.3993121632963367,2026-10-10,False,,,
Valencia,Málaga,19,2027-01-10 20:00:00+00:00,0.507368984474764,0.253198664137145,0.2394323513880908,2026-10-10,False,,,
Deportivo,Rayo Vallecano,19,2027-01-10 20:00:00+00:00,0.3961541576821138,0.2723103325013741,0.331535509816512,2026-10-10,False,,,
Alavés,Real Sociedad,19,2027-01-10 20:00:00+00:00,0.4910296698196721,0.2570979011821783,0.2518724289981494,2026-10-10,False,,,
Atlético Madrid,Racing Santander,19,2027-01-10 20:00:00+00:00,0.6019513334953559,0.2242188348512761,0.173829831653368,2026-10-10,False,,,
Athletic Club,Villarreal,19,2027-01-10 20:00:00+00:00,0.3369092147895544,0.2743756592521072,0.3887151259583383,2026-10-10,False,,,
Elche,Getafe,19,2027-01-10 20:00:00+00:00,0.4116103580932462,0.2707641541533619,0.3176254877533917,2026-10-10,False,,,
Villarreal,Alavés,20,2027-01-17 20:00:00+00:00,0.5139295218475676,0.2515361874152667,0.2345342907371658,2026-10-10,False,,,
Real Betis,Deportivo,20,2027-01-17 20:00:00+00:00,0.5699549908587237,0.2351890748326334,0.1948559343086428,2026-10-10,False,,,
Rayo Vallecano,Sevilla,20,2027-01-17 20:00:00+00:00,0.4847554803518853,0.2585018629855098,0.2567426566626048,2026-10-10,False,,,
Racing Santander,Osasuna,20,2027-01-17 20:00:00+00:00,0.4150644988306319,0.2703657788650633,0.3145697223043047,2026-10-10,False,,,
Málaga,Real Madrid,20,2027-01-17 20:00:00+00:00,0.1969303718888439,0.2477308308496796,0.5553387972614765,2026-10-10,False,,,
Levante,Espanyol,20,2027-01-17 20:00:00+00:00,0.5012077421892913,0.254709770260689,0.2440824875500196,2026-10-10,False,,,
Getafe,Athletic Club,20,2027-01-17 20:00:00+00:00,0.4595239525642472,0.2636068153093569,0.2768692321263958,2026-10-10,False,,,
Celta Vigo,Valencia,20,2027-01-17 20:00:00+00:00,0.429926049081333,0.2684380817593072,0.3016358691593599,2026-10-10,False,,,
Barcelona,Elche,20,2027-01-17 20:00:00+00:00,0.7715773296129385,0.1483687672273295,0.0800539031597321,2026-10-10,False,,,
Atlético Madrid,Real Sociedad,20,2027-01-17 20:00:00+00:00,0.5834578533749812,0.2306989525213452,0.1858431941036735,2026-10-10,False,,,
Real Sociedad,Málaga,21,2027-01-24 20:00:00+00:00,0.489515462431585,0.2574415319234772,0.2530430056449378,2026-10-10,False,,,
Real Madrid,Real Betis,21,2027-01-24 20:00:00+00:00,0.6024582027523475,0.2240359364477763,0.173505860799876,2026-10-10,False,,,
Racing Santander,Celta Vigo,21,2027-01-24 20:00:00+00:00,0.4314806183530537,0.26821674639286,0.3003026352540864,2026-10-10,False,,,
Getafe,Osasuna,21,2027-01-24 20:00:00+00:00,0.4340567939188099,0.2678418781884736,0.2981013278927166,2026-10-10,False,,,
Valencia,Sevilla,21,2027-01-24 20:00:00+00:00,0.4658241572082828,0.2624148272576759,0.2717610155340412,2026-10-10,False,,,
Elche,Rayo Vallecano,21,2027-01-24 20:00:00+00:00,0.3779575875208827,0.2736179674027897,0.3484244450763273,2026-10-10,False,,,
Deportivo,Atlético Madrid,21,2027-01-24 20:00:00+00:00,0.3080646651543422,0.272911126593936,0.4190242082517217,2026-10-10,False,,,
Athletic Club,Levante,21,2027-01-24 20:00:00+00:00,0.4127826736653168,0.2706310794290928,0.3165862469055902,2026-10-10,False,,,
Alavés,Barcelona,21,2027-01-24 20:00:00+00:00,0.2270506584538147,0.2581437352281938,0.5148056063179915,2026-10-10,False,,,
Espanyol,Villarreal,21,2027-01-24 20:00:00+00:00,0.3225365959831127,0.2738650707204099,0.4035983332964775,2026-10-10,False,,,
Sevilla,Athletic Club,22,2027-01-31 20:00:00+00:00,0.4585208830928589,0.2637914138114821,0.2776877030956587,2026-10-10,False,,,
Real Betis,Elche,22,2027-01-31 20:00:00+00:00,0.5894695291946271,0.2286339515483509,0.1818965192570219,2026-10-10,False,,,
Rayo Vallecano,Real Madrid,22,2027-01-31 20:00:00+00:00,0.2525743429778255,0.2646970869077844,0.4827285701143901,2026-10-10,False,,,
Osasuna,Deportivo,22,2027-01-31 20:00:00+00:00,0.4812834799525676,0.2592561179120659,0.2594604021353665,2026-10-10,False,,,
Villarreal,Racing Santander,22,2027-01-31 20:00:00+00:00,0.5758333525577615,0.233259704544415,0.1909069428978235,2026-10-10,False,,,
Levante,Real Sociedad,22,2027-01-31 20:00:00+00:00,0.4747187032823428,0.2606375879843889,0.2646437087332682,2026-10-10,False,,,
Celta Vigo,Getafe,22,2027-01-31 20:00:00+00:00,0.4461539564663892,0.265948612042855,0.2878974314907561,2026-10-10,False,,,
Barcelona,Valencia,22,2027-01-31 20:00:00+00:00,0.7240783282451565,0.1724564654526799,0.1034652063021633,2026-10-10,False,,,
Atlético Madrid,Espanyol,22,2027-01-31 20:00:00+00:00,0.6099731877388119,0.2212915326915234,0.1687352795696645,2026-10-10,False,,,
Málaga,Alavés,22,2027-01-31 20:00:00+00:00,0.3679746366628675,0.2740897969808916,0.3579355663562409,2026-10-10,False,,,
Getafe,Villarreal,23,2027-02-07 20:00:00+00:00,0.3469533522724661,0.2744854896424938,0.37856115808504,2026-10-10,False,,,
Valencia,Racing Santander,23,2027-02-07 20:00:00+00:00,0.4843499479043796,0.2585907975473005,0.2570592545483202,2026-10-10,False,,,
Real Sociedad,Real Madrid,23,2027-02-07 20:00:00+00:00,0.225359014625838,0.2576394083056474,0.5170015770685145,2026-10-10,False,,,
Real Betis,Sevilla,23,2027-02-07 20:00:00+00:00,0.5523205513032767,0.2407383085069394,0.206941140189784,2026-10-10,False,,,
Espanyol,Rayo Vallecano,23,2027-02-07 20:00:00+00:00,0.3875175794043258,0.2730016757235314,0.3394807448721427,2026-10-10,False,,,
Elche,Levante,23,2027-02-07 20:00:00+00:00,0.3875077982943794,0.2730023869269058,0.3394898147787147,2026-10-10,False,,,
Athletic Club,Osasuna,23,2027-02-07 20:00:00+00:00,0.4231199925666339,0.2693635061678376,0.3075165012655285,2026-10-10,False,,,
Alavés,Celta Vigo,23,2027-02-07 20:00:00+00:00,0.492158219662311,0.2568398148756484,0.2510019654620405,2026-10-10,False,,,
Deportivo,Málaga,23,2027-02-07 20:00:00+00:00,0.4722353435336953,0.2611448090291159,0.2666198474371886,2026-10-10,False,,,
Barcelona,Atlético Madrid,23,2027-02-07 20:00:00+00:00,0.6122565368803448,0.2204455965166453,0.1672978666030099,2026-10-10,False,,,
Sevilla,Espanyol,24,2027-02-14 20:00:00+00:00,0.4747819528337819,0.2606245586972153,0.264593488469003,2026-10-10,False,,,
Real Sociedad,Real Betis,24,2027-02-14 20:00:00+00:00,0.3501272643833167,0.2744792338885683,0.3753935017281149,2026-10-10,False,,,
Villarreal,Barcelona,24,2027-02-14 20:00:00+00:00,0.2770850187731289,0.2692712954927344,0.4536436857341366,2026-10-10,False,,,
Valencia,Alavés,24,2027-02-14 20:00:00+00:00,0.4239095478258132,0.2692598134024615,0.3068306387717251,2026-10-10,False,,,
Real Madrid,Athletic Club,24,2027-02-14 20:00:00+00:00,0.7125287509872524,0.1779879439104542,0.1094833051022932,2026-10-10,False,,,
Racing Santander,Getafe,24,2027-02-14 20:00:00+00:00,0.4292418971071248,0.2685343219025266,0.3022237809903486,2026-10-10,False,,,
Levante,Málaga,24,2027-02-14 20:00:00+00:00,0.516216855417627,0.2509437344463542,0.2328394101360188,2026-10-10,False,,,
Elche,Deportivo,24,2027-02-14 20:00:00+00:00,0.4294582159512051,0.2685039694551022,0.3020378145936926,2026-10-10,False,,,
Celta Vigo,Rayo Vallecano,24,2027-02-14 20:00:00+00:00,0.4115739142068463,0.27076825584864,0.3176578299445135,2026-10-10,False,,,
Osasuna,Atlético Madrid,24,2027-02-14 20:00:00+00:00,0.3368339204999873,0.2743740809784298,0.3887919985215828,2026-10-10,False,,,
Sevilla,Real Madrid,25,2027-02-21 20:00:00+00:00,0.2254747621195729,0.2576742059010224,0.5168510319794046,2026-10-10,False,,,
Rayo Vallecano,Getafe,25,2027-02-21 20:00:00+00:00,0.4837415496482217,0.2587238067729105,0.2575346435788677,2026-10-10,False,,,
Málaga,Real Betis,25,2027-02-21 20:00:00+00:00,0.3137315257642937,0.2733387064191473,0.412929767816559,2026-10-10,False,,,
Espanyol,Osasuna,25,2027-02-21 20:00:00+00:00,0.4073633914323124,0.271227779953502,0.3214088286141853,2026-10-10,False,,,
Villarreal,Valencia,25,2027-02-21 20:00:00+00:00,0.5392718300076061,0.2446092589691884,0.2161189110232053,2026-10-10,False,,,
Deportivo,Real Sociedad,25,2027-02-21 20:00:00+00:00,0.4314823602569196,0.268216496322637,0.3003011434204431,2026-10-10,False,,,
Barcelona,Levante,25,2027-02-21 20:00:00+00:00,0.7160857168207115,0.1762980973778666,0.1076161858014218,2026-10-10,False,,,
Atlético Madrid,Elche,25,2027-02-21 20:00:00+00:00,0.6201501433890283,0.2174781522236407,0.1623717043873308,2026-10-10,False,,,
Athletic Club,Celta Vigo,25,2027-02-21 20:00:00+00:00,0.4396290564848301,0.2669968440885808,0.2933740994265891,2026-10-10,False,,,
Alavés,Racing Santander,25,2027-02-21 20:00:00+00:00,0.5095487789579047,0.2526523723317693,0.237798848710326,2026-10-10,False,,,
Osasuna,Sevilla,26,2027-02-28 20:00:00+00:00,0.4638990650644368,0.2627849830766575,0.2733159518589058,2026-10-10,False,,,
Real Madrid,Valencia,26,2027-02-28 20:00:00+00:00,0.6865386192397522,0.1899619212017495,0.1234994595584983,2026-10-10,False,,,
Real Betis,Villarreal,26,2027-02-28 20:00:00+00:00,0.4437962912309953,0.2663346257226805,0.289869083046324,2026-10-10,False,,,
Racing Santander,Rayo Vallecano,26,2027-02-28 20:00:00+00:00,0.3950869812686789,0.2724025630467358,0.3325104556845852,2026-10-10,False,,,
Real Sociedad,Elche,26,2027-02-28 20:00:00+00:00,0.4848293862214463,0.2584856314042353,0.2566849823743184,2026-10-10,False,,,
Málaga,Atlético Madrid,26,2027-02-28 20:00:00+00:00,0.2879630763933003,0.2708086803089573,0.4412282432977424,2026-10-10,False,,,
Athletic Club,Barcelona,26,2027-02-28 20:00:00+00:00,0.1909059654248029,0.245259541473029,0.5638344931021682,2026-10-10,False,,,
Levante,Deportivo,26,2027-02-28 20:00:00+00:00,0.492014540895603,0.2568727661274967,0.2511126929769003,2026-10-10,False,,,
Getafe,Alavés,26,2027-02-28 20:00:00+00:00,0.4079307045376565,0.2711675306473009,0.3209017648150425,2026-10-10,False,,,
Celta Vigo,Espanyol,26,2027-02-28 20:00:00+00:00,0.4734993488513966,0.2608876988410632,0.26561295230754,2026-10-10,False,,,
Espanyol,Racing Santander,27,2027-03-07 20:00:00+00:00,0.440535539798139,0.26685498596972,0.292609474232141,2026-10-10,False,,,
Valencia,Levante,27,2027-03-07 20:00:00+00:00,0.4397992889094434,0.26697029718055,0.2932304139100063,2026-10-10,False,,,
Sevilla,Real Sociedad,27,2027-03-07 20:00:00+00:00,0.4485756126763504,0.265543639619169,0.2858807477044807,2026-10-10,False,,,
Rayo Vallecano,Osasuna,27,2027-03-07 20:00:00+00:00,0.4691250984682253,0.2617680631471082,0.2691068383846664,2026-10-10,False,,,
Villarreal,Real Madrid,27,2027-03-07 20:00:00+00:00,0.3106769900059645,0.2731170006294455,0.4162060093645899,2026-10-10,False,,,
Elche,Málaga,27,2027-03-07 20:00:00+00:00,0.4530274902686581,0.2647768944535585,0.2821956152777836,2026-10-10,False,,,
Alavés,Athletic Club,27,2027-03-07 20:00:00+00:00,0.5011492079594579,0.2547238912518293,0.2441269007887127,2026-10-10,False,,,
Deportivo,Getafe,27,2027-03-07 20:00:00+00:00,0.4303383149770947,0.2683797431183388,0.3012819419045665,2026-10-10,False,,,
Barcelona,Real Betis,27,2027-03-07 20:00:00+00:00,0.6426241218318732,0.208669214275756,0.1487066638923707,2026-10-10,False,,,
Atlético Madrid,Celta Vigo,27,2027-03-07 20:00:00+00:00,0.5845902833419218,0.2303130465070147,0.1850966701510633,2026-10-10,False,,,
Real Betis,Levante,28,2027-03-14 18:00:00+00:00,0.5256492389178374,0.248431355657968,0.2259194054241947,2026-10-10,False,,,
Racing Santander,Atlético Madrid,28,2027-03-14 18:00:00+00:00,0.3071075051635415,0.2728319093529144,0.420060585483544,2026-10-10,False,,,
Osasuna,Celta Vigo,28,2027-03-14 18:00:00+00:00,0.4651762557640549,0.2625399857069405,0.2722837585290046,2026-10-10,False,,,
Málaga,Rayo Vallecano,28,2027-03-14 18:00:00+00:00,0.3736117619664455,0.2738452287946938,0.3525430092388608,2026-10-10,False,,,
Real Madrid,Espanyol,28,2027-03-14 18:00:00+00:00,0.7274355219200177,0.1708245279134773,0.1017399501665048,2026-10-10,False,,,
Getafe,Real Sociedad,28,2027-03-14 18:00:00+00:00,0.4495733880822553,0.265374293382192,0.2850523185355527,2026-10-10,False,,,
Elche,Villarreal,28,2027-03-14 18:00:00+00:00,0.3137130130738468,0.2733374240478394,0.4129495628783137,2026-10-10,False,,,
Barcelona,Deportivo,28,2027-03-14 18:00:00+00:00,0.7551055577315122,0.1569643797756728,0.0879300624928149,2026-10-10,False,,,
Athletic Club,Valencia,28,2027-03-14 18:00:00+00:00,0.4212433081121179,0.2696060844215201,0.3091506074663621,2026-10-10,False,,,
Alavés,Sevilla,28,2027-03-14 18:00:00+00:00,0.490867550638055,0.2571348374806654,0.2519976118812795,2026-10-10,False,,,
Valencia,Deportivo,29,2027-03-21 18:00:00+00:00,0.483222532742359,0.2588368816984367,0.257940585559204,2026-10-10,False,,,
Sevilla,Elche,29,2027-03-21 18:00:00+00:00,0.484991181854125,0.2584500714379652,0.2565587467079097,2026-10-10,False,,,
Rayo Vallecano,Barcelona,29,2027-03-21 18:00:00+00:00,0.2226888006238822,0.2568247359246711,0.5204864634514466,2026-10-10,False,,,
Real Sociedad,Alavés,29,2027-03-21 18:00:00+00:00,0.4068066573930225,0.2712863992791629,0.3219069433278144,2026-10-10,False,,,
Villarreal,Málaga,29,2027-03-21 18:00:00+00:00,0.5988826246711968,0.2253201626373736,0.1757972126914297,2026-10-10,False,,,
Racing Santander,Real Betis,29,2027-03-21 18:00:00+00:00,0.3336852258885036,0.2742978711939309,0.3920169029175654,2026-10-10,False,,,
Atlético Madrid,Getafe,29,2027-03-21 18:00:00+00:00,0.5822749252543247,0.2311005338704806,0.1866245408751947,2026-10-10,False,,,
Espanyol,Athletic Club,29,2027-03-21 18:00:00+00:00,0.4323823679610815,0.2680866736926584,0.29953095834626,2026-10-10,False,,,
Celta Vigo,Real Madrid,29,2027-03-21 18:00:00+00:00,0.2245544116056713,0.2573963351903118,0.5180492532040168,2026-10-10,False,,,
Levante,Osasuna,29,2027-03-21 18:00:00+00:00,0.4589946148588171,0.263704409509002,0.2773009756321808,2026-10-10,False,,,
Real Madrid,Atlético Madrid,30,2027-04-04 18:00:00+00:00,0.5716032353345419,0.2346520663660222,0.1937446982994357,2026-10-10,False,,,
Real Betis,Celta Vigo,30,2027-04-04 18:00:00+00:00,0.5536215719940543,0.2403412842232818,0.2060371437826638,2026-10-10,False,,,
Málaga,Osasuna,30,2027-04-04 18:00:00+00:00,0.3931974004795898,0.2725611884044366,0.3342414111159733,2026-10-10,False,,,
Levante,Rayo Vallecano,30,2027-04-04 18:00:00+00:00,0.4383971126814849,0.2671876722989297,0.2944152150195853,2026-10-10,False,,,
Real Sociedad,Valencia,30,2027-04-04 18:00:00+00:00,0.43102123522185,0.2682825350676264,0.3006962297105235,2026-10-10,False,,,
Getafe,Espanyol,30,2027-04-04 18:00:00+00:00,0.4757924476695149,0.2604156549555948,0.2637918973748901,2026-10-10,False,,,
Elche,Alavés,30,2027-04-04 18:00:00+00:00,0.3722944211160853,0.2739074892769947,0.3537980896069199,2026-10-10,False,,,
Deportivo,Villarreal,30,2027-04-04 18:00:00+00:00,0.3305369174032986,0.2742015887241832,0.3952614938725184,2026-10-10,False,,,
Barcelona,Sevilla,30,2027-04-04 18:00:00+00:00,0.7398450794594036,0.164698623428019,0.0954562971125774,2026-10-10,False,,,
Athletic Club,Racing Santander,30,2027-04-04 18:00:00+00:00,0.456647357077529,0.2641323673057735,0.2792202756166972,2026-10-10,False,,,
Racing Santander,Barcelona,31,2027-04-11 18:00:00+00:00,0.1855607513930815,0.2429493998384022,0.5714898487685163,2026-10-10,False,,,
Valencia,Getafe,31,2027-04-11 18:00:00+00:00,0.4648180307127346,0.2626089333198198,0.2725730359674455,2026-10-10,False,,,
Sevilla,Deportivo,31,2027-04-11 18:00:00+00:00,0.4656750298364083,0.2624436870455754,0.2718812831180162,2026-10-10,False,,,
Rayo Vallecano,Real Sociedad,31,2027-04-11 18:00:00+00:00,0.4849172718141215,0.2584663199833525,0.256616408202526,2026-10-10,False,,,
Villarreal,Athletic Club,31,2027-04-11 18:00:00+00:00,0.5674148738169447,0.2360105739683163,0.196574552214739,2026-10-10,False,,,
Osasuna,Real Madrid,31,2027-04-11 18:00:00+00:00,0.2368577669229031,0.2608916480373103,0.5022505850397866,2026-10-10,False,,,
Alavés,Real Betis,31,2027-04-11 18:00:00+00:00,0.3896614631610288,0.2728418479128381,0.337496688926133,2026-10-10,False,,,
Espanyol,Málaga,31,2027-04-11 18:00:00+00:00,0.4631386610397432,0.2629297590333265,0.2739315799269303,2026-10-10,False,,,
Celta Vigo,Elche,31,2027-04-11 18:00:00+00:00,0.4837035689274852,0.2587320936862088,0.2575643373863058,2026-10-10,False,,,
Atlético Madrid,Levante,31,2027-04-11 18:00:00+00:00,0.5566741999653435,0.2394019304899888,0.2039238695446676,2026-10-10,False,,,
Getafe,Real Madrid,32,2027-04-18 18:00:00+00:00,0.2262010959593529,0.2578915925232814,0.5159073115173656,2026-10-10,False,,,
Real Betis,Athletic Club,32,2027-04-18 18:00:00+00:00,0.5626678054421353,0.237525934394771,0.1998062601630937,2026-10-10,False,,,
Málaga,Valencia,32,2027-04-18 18:00:00+00:00,0.3913665451096215,0.2727091507384484,0.3359243041519301,2026-10-10,False,,,
Levante,Villarreal,32,2027-04-18 18:00:00+00:00,0.3700657684383642,0.2740057427084923,0.3559284888531435,2026-10-10,False,,,
Real Sociedad,Racing Santander,32,2027-04-18 18:00:00+00:00,0.466633806271245,0.2622575973837621,0.2711085963449929,2026-10-10,False,,,
Elche,Osasuna,32,2027-04-18 18:00:00+00:00,0.3976270753631886,0.2721799139565712,0.33019301068024,2026-10-10,False,,,
Alavés,Rayo Vallecano,32,2027-04-18 18:00:00+00:00,0.4544316802589718,0.2645291087614598,0.2810392109795682,2026-10-10,False,,,
Deportivo,Celta Vigo,32,2027-04-18 18:00:00+00:00,0.4325786927746589,0.2680581913195197,0.2993631159058215,2026-10-10,False,,,
Barcelona,Espanyol,32,2027-04-18 18:00:00+00:00,0.7629505598295836,0.1529025251836417,0.0841469149867747,2026-10-10,False,,,
Atlético Madrid,Sevilla,32,2027-04-18 18:00:00+00:00,0.5832951188328699,0.2307542907712584,0.1859505903958716,2026-10-10,False,,,
Valencia,Rayo Vallecano,33,2027-04-21 18:00:00+00:00,0.4298334117419159,0.2684511549490344,0.3017154333090497,2026-10-10,False,,,
Sevilla,Levante,33,2027-04-21 18:00:00+00:00,0.4226565650449083,0.2694239177572535,0.3079195171978382,2026-10-10,False,,,
Real Madrid,Elche,33,2027-04-21 18:00:00+00:00,0.7365887771698527,0.1663203050458007,0.0970909177843462,2026-10-10,False,,,
Racing Santander,Málaga,33,2027-04-21 18:00:00+00:00,0.4711132522442366,0.261371205848405,0.2675155419073583,2026-10-10,False,,,
Villarreal,Atlético Madrid,33,2027-04-21 18:00:00+00:00,0.4230377764056997,0.2693742480616255,0.3075879755326748,2026-10-10,False,,,
Osasuna,Alavés,33,2027-04-21 18:00:00+00:00,0.4220317868878706,0.2695048342498044,0.3084633788623251,2026-10-10,False,,,
Getafe,Real Betis,33,2027-04-21 18:00:00+00:00,0.351187952956253,0.2744728259147844,0.3743392211289623,2026-10-10,False,,,
Espanyol,Real Sociedad,33,2027-04-21 18:00:00+00:00,0.4225951523666532,0.2694318983632422,0.3079729492701046,2026-10-10,False,,,
Celta Vigo,Barcelona,33,2027-04-21 18:00:00+00:00,0.1967474201054271,0.2476578010323626,0.5555947788622102,2026-10-10,False,,,
Athletic Club,Deportivo,33,2027-04-21 18:00:00+00:00,0.4555335057482814,0.2643326942813789,0.2801337999703397,2026-10-10,False,,,
Real Betis,Valencia,34,2027-05-02 18:00:00+00:00,0.5345194634373465,0.2459683264403733,0.21951221012228,2026-10-10,False,,,
Rayo Vallecano,Villarreal,34,2027-05-02 18:00:00+00:00,0.3795389021438609,0.2735270057057136,0.3469340921504255,2026-10-10,False,,,
Levante,Real Madrid,34,2027-05-02 18:00:00+00:00,0.2448340075375341,0.2629123823562819,0.4922536101061837,2026-10-10,False,,,
Málaga,Getafe,34,2027-05-02 18:00:00+00:00,0.4071272842552894,0.27125270132911,0.3216200144156004,2026-10-10,False,,,
Real Sociedad,Athletic Club,34,2027-05-02 18:00:00+00:00,0.4583609046050808,0.2638207228947483,0.2778183725001707,2026-10-10,False,,,
Elche,Espanyol,34,2027-05-02 18:00:00+00:00,0.4383869302002849,0.2671892401293329,0.294423829670382,2026-10-10,False,,,
Atlético Madrid,Alavés,34,2027-05-02 18:00:00+00:00,0.5401819251930062,0.2443458794100619,0.2154721953969318,2026-10-10,False,,,
Celta Vigo,Sevilla,34,2027-05-02 18:00:00+00:00,0.4471503565225805,0.2657830224402471,0.2870666210371723,2026-10-10,False,,,
Barcelona,Osasuna,34,2027-05-02 18:00:00+00:00,0.7258328005473791,0.1716049620627163,0.1025622373899046,2026-10-10,False,,,
Deportivo,Racing Santander,34,2027-05-02 18:00:00+00:00,0.4495260525389711,0.2653823600796189,0.2850915873814098,2026-10-10,False,,,
Villarreal,Celta Vigo,35,2027-05-09 18:00:00+00:00,0.5583728041146057,0.2388745147439445,0.20275268114145,2026-10-10,False,,,
Valencia,Atlético Madrid,35,2027-05-09 18:00:00+00:00,0.3385556261120552,0.2744073353187617,0.3870370385691834,2026-10-10,False,,,
Real Madrid,Barcelona,35,2027-05-09 18:00:00+00:00,0.4090632678540791,0.2710456961602761,0.3198910359856448,2026-10-10,False,,,
Real Betis,Espanyol,35,2027-05-09 18:00:00+00:00,0.5791846720353803,0.2321422023377602,0.1886731256268595,2026-10-10,False,,,
Rayo Vallecano,Deportivo,35,2027-05-09 18:00:00+00:00,0.5022711670340512,0.2544524529729515,0.2432763799929972,2026-10-10,False,,,
Racing Santander,Sevilla,35,2027-05-09 18:00:00+00:00,0.4302277522930157,0.2683954139787364,0.3013768337282477,2026-10-10,False,,,
Osasuna,Real Sociedad,35,2027-05-09 18:00:00+00:00,0.4640594772920934,0.2627543377581071,0.2731861849497995,2026-10-10,False,,,
Getafe,Elche,35,2027-05-09 18:00:00+00:00,0.4860055546280801,0.2582263294380303,0.2557681159338895,2026-10-10,False,,,
Athletic Club,Málaga,35,2027-05-09 18:00:00+00:00,0.4794331257463523,0.2596514356215896,0.2609154386320579,2026-10-10,False,,,
Alavés,Levante,35,2027-05-09 18:00:00+00:00,0.4645396899965373,0.2626623813068554,0.2727979286966073,2026-10-10,False,,,
Real Sociedad,Barcelona,36,2027-05-16 18:00:00+00:00,0.1974895609274514,0.2479532713257543,0.5545571677467942,2026-10-10,False,,,
Real Madrid,Racing Santander,36,2027-05-16 18:00:00+00:00,0.7201638428811366,0.1743456368209248,0.1054905202979386,2026-10-10,False,,,
Osasuna,Real Betis,36,2027-05-16 18:00:00+00:00,0.3645285062050434,0.2742109922710219,0.3612605015239346,2026-10-10,False,,,
Málaga,Celta Vigo,36,2027-05-16 18:00:00+00:00,0.4093292448139461,0.2710167840182708,0.3196539711677831,2026-10-10,False,,,
Sevilla,Villarreal,36,2027-05-16 18:00:00+00:00,0.3460433418483666,0.2744836910091799,0.3794729671424535,2026-10-10,False,,,
Espanyol,Valencia,36,2027-05-16 18:00:00+00:00,0.4055096168502741,0.2714210163129459,0.3230693668367799,2026-10-10,False,,,
Elche,Athletic Club,36,2027-05-16 18:00:00+00:00,0.4224558651591819,0.2694499770690033,0.3080941577718148,2026-10-10,False,,,
Levante,Getafe,36,2027-05-16 18:00:00+00:00,0.4735475510202195,0.26087785053206,0.2655745984477207,2026-10-10,False,,,
Atlético Madrid,Rayo Vallecano,36,2027-05-16 18:00:00+00:00,0.5463516742334213,0.2425341654727651,0.2111141602938139,2026-10-10,False,,,
Deportivo,Alavés,36,2027-05-16 18:00:00+00:00,0.3903890231932881,0.2727858292009573,0.3368251476057547,2026-10-10,False,,,
Valencia,Elche,37,2027-05-23 18:00:00+00:00,0.5026591795366202,0.2543582008758357,0.2429826195875439,2026-10-10,False,,,
Sevilla,Getafe,37,2027-05-23 18:00:00+00:00,0.447419360881403,0.2657380681653667,0.2868425709532303,2026-10-10,False,,,
Rayo Vallecano,Real Betis,37,2027-05-23 18:00:00+00:00,0.3839314041369816,0.2732514232667316,0.3428171725962867,2026-10-10,False,,,
Racing Santander,Levante,37,2027-05-23 18:00:00+00:00,0.404791870692935,0.2714943339595539,0.3237137953475112,2026-10-10,False,,,
Villarreal,Osasuna,37,2027-05-23 18:00:00+00:00,0.5412328783365855,0.2440404958128562,0.2147266258505581,2026-10-10,False,,,
Celta Vigo,Real Sociedad,37,2027-05-23 18:00:00+00:00,0.447309370688139,0.265756461800316,0.2869341675115451,2026-10-10,False,,,
Barcelona,Málaga,37,2027-05-23 18:00:00+00:00,0.775478460411858,0.1462954856879244,0.0782260539002174,2026-10-10,False,,,
Deportivo,Espanyol,37,2027-05-23 18:00:00+00:00,0.4574470547882523,0.2639874469495055,0.2785654982622421,2026-10-10,False,,,
Atlético Madrid,Athletic Club,37,2027-05-23 18:00:00+00:00,0.5935869664790502,0.2271964617971564,0.1792165717237933,2026-10-10,False,,,
Alavés,Real Madrid,37,2027-05-23 18:00:00+00:00,0.2572651226399093,0.2656968169379571,0.4770380604221335,2026-10-10,False,,,
Levante,Celta Vigo,38,2027-05-30 18:00:00+00:00,0.4758406950500357,0.260405645591499,0.2637536593584653,2026-10-10,False,,,
Málaga,Sevilla,38,2027-05-30 18:00:00+00:00,0.4080968731520232,0.2711497848218539,0.320753342026123,2026-10-10,False,,,
Osasuna,Valencia,38,2027-05-30 18:00:00+00:00,0.4465087061910932,0.2658898235791692,0.2876014702297376,2026-10-10,False,,,
Real Betis,Atlético Madrid,38,2027-05-30 18:00:00+00:00,0.4184940562101262,0.2699515216705337,0.3115544221193401,2026-10-10,False,,,
Real Madrid,Deportivo,38,2027-05-30 18:00:00+00:00,0.7191369837329271,0.1748387695088363,0.1060242467582365,2026-10-10,False,,,
Athletic Club,Rayo Vallecano,38,2027-05-30 18:00:00+00:00,0.4030120449995179,0.271672516388345,0.325315438612137,2026-10-10,False,,,
Elche,Racing Santander,38,2027-05-30 18:00:00+00:00,0.4305547952839446,0.268349005827888,0.3010961988881675,2026-10-10,False,,,
Espanyol,Alavés,38,2027-05-30 18:00:00+00:00,0.3817994206367243,0.273389374940593,0.3448112044226826,2026-10-10,False,,,
Getafe,Barcelona,38,2027-05-30 18:00:00+00:00,0.1982664496596121,0.2482603808700739,0.5534731694703139,2026-10-10,False,,,
Real Sociedad,Villarreal,38,2027-05-30 18:00:00+00:00,0.345898259842065,0.2744832556107958,0.3796184845471392,2026-10-10,False,,,
